merchant_id,merchant_name,merchant_category,region,chiffre_affaires,nb_transactions,nb_clients_uniques,montant_moyen,rang_ca_categorie,rang_ca_region,commission_totale,ca_jeune,ca_adulte,ca_age_moyen,ca_senior
M00389,,,,392274.54,268,256,1463.71,1,1,,39121.17,144902.19,145249.13,55225.41
M00033,DigitalHub 33,Electronics,,386893.79,296,277,1307.07,14,2,27662.91,46025.59,159008.83,149622.31,19651.7
M00390,,,,245265.23,296,281,828.6,2,3,,30978.21,116737.61,76362.57,9613.0
M00499,,,,223486.04,168,164,1330.27,3,4,,19770.97,102736.18,83153.92,7668.91
M00038,,,,197516.52,157,147,1258.07,4,5,,25599.65,94902.21,69450.61,3404.53
M00273,,,,135488.77,172,167,787.73,5,6,,17171.91,55672.16,48608.04,10722.73
M00121,,,,117754.92,209,198,563.42,6,7,,14185.72,53557.95,38530.41,3641.63
M00181,,,,114716.87,332,304,345.53,7,8,,19618.51,52736.9,33935.47,5434.29
M00048,ActiveWear 48,Sports,,102878.2,212,198,485.27,20,9,3621.31,14766.72,52124.35,28713.72,6183.04
M00375,FitnessShop 375,Sports,,78965.69,274,250,288.2,38,10,3284.97,10858.28,31346.68,27632.01,5966.05
M00497,FitnessShop 497,Sports,,74460.03,202,192,368.61,40,11,3633.65,12601.26,29083.37,23098.59,6377.24
M00588,,,,57320.81,228,216,251.41,8,12,,8203.91,29665.07,15559.81,2973.75
M00328,HealthHub 328,Health,,44166.03,268,252,164.8,7,13,3860.11,4896.43,17982.37,16589.25,3000.39
M00212,,,,35529.95,206,192,172.48,9,14,,6513.17,15834.14,10972.99,1768.14
M00060,KidsWorld 60,Toys,,32998.78,252,235,130.95,9,15,1191.26,3389.98,16668.47,10015.66,1239.85
M00404,,,,22495.82,222,214,101.33,10,16,,3282.07,10727.88,6924.07,918.44
M00563,ToyLand 563,Toys,,22389.37,251,235,89.2,31,17,1815.78,2045.03,10477.52,7211.75,1646.1
M00132,BeautyWorld 132,Beauty,,20575.18,183,173,112.43,31,18,958.8,2209.79,10877.02,6049.26,1046.18
M00332,FreshMarket 332,Food,,18279.98,284,262,64.37,14,19,784.21,2769.38,6991.11,6980.37,466.89
M00366,,,,14403.11,139,135,103.62,11,20,,2264.45,6405.85,4547.91,634.43
M00403,,,,9180.03,173,165,53.06,12,21,,1550.5,4082.66,2488.33,351.32
M00219,,,,6737.66,189,178,35.65,13,22,,931.22,3615.65,1815.16,184.34
M00427,,,,5137.82,130,126,39.52,14,23,,841.72,1898.92,2052.15,216.34
M96870,,,,3149.29,1,1,3149.29,15,24,,0.0,3149.29,0.0,0.0
M91818,,,,2617.26,2,2,1308.63,16,25,,0.0,1397.12,1220.14,0.0
M94391,,,,2349.28,1,1,2349.28,17,26,,0.0,0.0,2349.28,0.0
M97663,,,,2342.54,1,1,2342.54,18,27,,0.0,2342.54,0.0,0.0
M92440,,,,2280.21,1,1,2280.21,19,28,,0.0,0.0,2280.21,0.0
M93620,,,,2138.01,1,1,2138.01,20,29,,0.0,0.0,2138.01,0.0
M99672,,,,1938.0,1,1,1938.0,21,30,,1938.0,0.0,0.0,0.0
M96641,,,,1836.57,1,1,1836.57,22,31,,1836.57,0.0,0.0,0.0
M90709,,,,1813.86,1,1,1813.86,23,32,,0.0,0.0,1813.86,0.0
M93952,,,,1561.25,1,1,1561.25,24,33,,0.0,0.0,1561.25,0.0
M97524,,,,1429.68,1,1,1429.68,25,34,,0.0,1429.68,0.0,0.0
M97751,,,,1413.0,1,1,1413.0,26,35,,0.0,1413.0,0.0,0.0
M97861,,,,1391.81,1,1,1391.81,27,36,,0.0,1391.81,0.0,0.0
M97249,,,,1366.63,1,1,1366.63,28,37,,0.0,1366.63,0.0,0.0
M98452,,,,1205.86,1,1,1205.86,29,38,,0.0,1205.86,0.0,0.0
M90691,,,,1070.25,1,1,1070.25,30,39,,0.0,1070.25,0.0,0.0
M90327,,,,1053.37,1,1,1053.37,31,40,,0.0,0.0,1053.37,0.0
M91012,,,,1050.61,1,1,1050.61,32,41,,0.0,1050.61,0.0,0.0
M91026,,,,1027.5,1,1,1027.5,33,42,,1027.5,0.0,0.0,0.0
M90830,,,,956.7,1,1,956.7,34,43,,0.0,956.7,0.0,0.0
M95102,,,,821.43,1,1,821.43,35,44,,0.0,0.0,0.0,821.43
M97193,,,,810.72,1,1,810.72,36,45,,810.72,0.0,0.0,0.0
M95128,,,,803.78,1,1,803.78,37,46,,0.0,803.78,0.0,0.0
M95473,,,,802.81,1,1,802.81,38,47,,0.0,802.81,0.0,0.0
M99977,,,,802.49,1,1,802.49,39,48,,0.0,0.0,802.49,0.0
M92209,,,,779.33,1,1,779.33,40,49,,0.0,0.0,0.0,0.0
M92499,,,,779.15,1,1,779.15,41,50,,0.0,779.15,0.0,0.0
M94684,,,,764.73,1,1,764.73,42,51,,0.0,0.0,764.73,0.0
M97300,,,,722.75,1,1,722.75,43,52,,0.0,0.0,722.75,0.0
M93082,,,,717.93,1,1,717.93,44,53,,717.93,0.0,0.0,0.0
M92936,,,,716.69,1,1,716.69,45,54,,0.0,716.69,0.0,0.0
M97966,,,,715.7,1,1,715.7,46,55,,0.0,715.7,0.0,0.0
M95613,,,,705.52,1,1,705.52,47,56,,0.0,705.52,0.0,0.0
M91928,,,,667.24,1,1,667.24,48,57,,0.0,0.0,667.24,0.0
M91411,,,,638.18,1,1,638.18,49,58,,638.18,0.0,0.0,0.0
M92623,,,,628.17,1,1,628.17,50,59,,0.0,628.17,0.0,0.0
M94609,,,,617.48,1,1,617.48,51,60,,0.0,0.0,617.48,0.0
M94886,,,,574.18,1,1,574.18,52,61,,0.0,574.18,0.0,0.0
M97078,,,,573.86,1,1,573.86,53,62,,0.0,573.86,0.0,0.0
M98267,,,,572.1,1,1,572.1,54,63,,0.0,0.0,572.1,0.0
M91214,,,,541.27,1,1,541.27,55,64,,0.0,0.0,541.27,0.0
M97479,,,,539.78,1,1,539.78,56,65,,0.0,539.78,0.0,0.0
M93062,,,,539.05,1,1,539.05,57,66,,0.0,0.0,539.05,0.0
M90300,,,,535.4,1,1,535.4,58,67,,0.0,0.0,535.4,0.0
M91051,,,,515.76,1,1,515.76,59,68,,0.0,515.76,0.0,0.0
M91124,,,,506.61,1,1,506.61,60,69,,0.0,506.61,0.0,0.0
M95465,,,,503.85,1,1,503.85,61,70,,503.85,0.0,0.0,0.0
M92388,,,,500.39,1,1,500.39,62,71,,0.0,0.0,500.39,0.0
M91992,,,,480.71,1,1,480.71,63,72,,480.71,0.0,0.0,0.0
M94753,,,,479.77,1,1,479.77,64,73,,0.0,479.77,0.0,0.0
M90189,,,,477.87,1,1,477.87,65,74,,0.0,477.87,0.0,0.0
M98086,,,,476.07,1,1,476.07,66,75,,0.0,0.0,476.07,0.0
M96598,,,,473.43,1,1,473.43,67,76,,0.0,0.0,473.43,0.0
M91838,,,,471.19,1,1,471.19,68,77,,0.0,471.19,0.0,0.0
M91192,,,,460.75,1,1,460.75,69,78,,0.0,460.75,0.0,0.0
M92122,,,,458.85,1,1,458.85,70,79,,0.0,0.0,458.85,0.0
M92475,,,,439.13,1,1,439.13,71,80,,0.0,0.0,439.13,0.0
M96399,,,,434.7,1,1,434.7,72,81,,0.0,0.0,434.7,0.0
M92124,,,,434.63,1,1,434.63,73,82,,0.0,0.0,434.63,0.0
M94750,,,,428.94,1,1,428.94,74,83,,0.0,0.0,428.94,0.0
M93031,,,,413.64,1,1,413.64,75,84,,0.0,0.0,413.64,0.0
M93348,,,,389.72,1,1,389.72,76,85,,0.0,0.0,0.0,389.72
M97437,,,,389.2,1,1,389.2,77,86,,0.0,389.2,0.0,0.0
M90368,,,,386.5,1,1,386.5,78,87,,386.5,0.0,0.0,0.0
M97079,,,,377.92,1,1,377.92,79,88,,0.0,377.92,0.0,0.0
M93201,,,,366.33,1,1,366.33,80,89,,0.0,366.33,0.0,0.0
M97090,,,,366.13,1,1,366.13,81,90,,0.0,366.13,0.0,0.0
M94546,,,,361.7,1,1,361.7,82,91,,0.0,0.0,361.7,0.0
M98490,,,,356.15,1,1,356.15,83,92,,356.15,0.0,0.0,0.0
M90419,,,,337.58,1,1,337.58,84,93,,0.0,0.0,337.58,0.0
M93693,,,,326.86,1,1,326.86,85,94,,0.0,326.86,0.0,0.0
M90219,,,,321.86,1,1,321.86,86,95,,0.0,321.86,0.0,0.0
M91397,,,,321.21,1,1,321.21,87,96,,321.21,0.0,0.0,0.0
M99258,,,,320.42,1,1,320.42,88,97,,0.0,320.42,0.0,0.0
M99868,,,,317.89,1,1,317.89,89,98,,0.0,0.0,317.89,0.0
M96291,,,,315.04,1,1,315.04,90,99,,0.0,315.04,0.0,0.0
M99494,,,,314.08,1,1,314.08,91,100,,0.0,314.08,0.0,0.0
M90232,,,,312.15,1,1,312.15,92,101,,0.0,312.15,0.0,0.0
M99573,,,,309.48,1,1,309.48,93,102,,0.0,309.48,0.0,0.0
M92815,,,,307.87,1,1,307.87,94,103,,0.0,307.87,0.0,0.0
M95797,,,,299.84,1,1,299.84,95,104,,0.0,299.84,0.0,0.0
M94612,,,,296.25,2,2,148.13,96,105,,0.0,77.38,218.87,0.0
M90317,,,,294.36,1,1,294.36,97,106,,0.0,0.0,294.36,0.0
M91867,,,,289.32,1,1,289.32,98,107,,0.0,289.32,0.0,0.0
M99030,,,,281.84,1,1,281.84,99,108,,0.0,0.0,0.0,281.84
M92945,,,,277.67,1,1,277.67,100,109,,0.0,277.67,0.0,0.0
M90747,,,,271.14,1,1,271.14,101,110,,0.0,0.0,271.14,0.0
M99501,,,,266.27,1,1,266.27,102,111,,0.0,266.27,0.0,0.0
M99361,,,,257.25,1,1,257.25,103,112,,257.25,0.0,0.0,0.0
M93825,,,,247.51,1,1,247.51,104,113,,0.0,247.51,0.0,0.0
M92180,,,,246.57,1,1,246.57,105,114,,0.0,0.0,246.57,0.0
M94894,,,,241.66,1,1,241.66,106,115,,0.0,241.66,0.0,0.0
M92008,,,,236.49,1,1,236.49,107,116,,0.0,0.0,236.49,0.0
M95649,,,,236.21,1,1,236.21,108,117,,0.0,236.21,0.0,0.0
M95213,,,,229.84,1,1,229.84,109,118,,0.0,0.0,229.84,0.0
M92529,,,,225.35,1,1,225.35,110,119,,0.0,0.0,225.35,0.0
M92011,,,,224.49,1,1,224.49,111,120,,0.0,0.0,224.49,0.0
M98743,,,,222.61,1,1,222.61,112,121,,0.0,0.0,222.61,0.0
M99629,,,,220.58,1,1,220.58,113,122,,0.0,0.0,0.0,0.0
M92332,,,,218.17,1,1,218.17,114,123,,0.0,218.17,0.0,0.0
M94440,,,,217.78,1,1,217.78,115,124,,0.0,217.78,0.0,0.0
M98810,,,,216.89,1,1,216.89,116,125,,0.0,216.89,0.0,0.0
M94627,,,,213.62,1,1,213.62,117,126,,0.0,213.62,0.0,0.0
M90513,,,,207.88,1,1,207.88,118,127,,0.0,0.0,207.88,0.0
M90077,,,,203.93,1,1,203.93,119,128,,0.0,0.0,203.93,0.0
M90526,,,,203.51,1,1,203.51,120,129,,203.51,0.0,0.0,0.0
M96857,,,,202.56,1,1,202.56,121,130,,0.0,202.56,0.0,0.0
M99059,,,,198.82,1,1,198.82,122,131,,0.0,0.0,198.82,0.0
M91973,,,,181.83,1,1,181.83,123,132,,0.0,181.83,0.0,0.0
M91016,,,,180.78,1,1,180.78,124,133,,180.78,0.0,0.0,0.0
M93418,,,,179.57,1,1,179.57,125,134,,0.0,0.0,179.57,0.0
M97653,,,,176.17,1,1,176.17,126,135,,176.17,0.0,0.0,0.0
M93185,,,,174.58,1,1,174.58,127,136,,0.0,0.0,0.0,174.58
M91455,,,,173.55,1,1,173.55,128,137,,0.0,0.0,173.55,0.0
M96559,,,,171.99,1,1,171.99,129,138,,0.0,171.99,0.0,0.0
M93445,,,,169.13,1,1,169.13,130,139,,0.0,0.0,169.13,0.0
M98736,,,,163.79,1,1,163.79,131,140,,0.0,163.79,0.0,0.0
M90021,,,,161.67,1,1,161.67,132,141,,0.0,161.67,0.0,0.0
M93609,,,,161.38,1,1,161.38,133,142,,0.0,161.38,0.0,0.0
M99717,,,,161.33,1,1,161.33,134,143,,0.0,0.0,161.33,0.0
M94096,,,,160.31,1,1,160.31,135,144,,160.31,0.0,0.0,0.0
M95758,,,,158.63,1,1,158.63,136,145,,0.0,158.63,0.0,0.0
M90347,,,,157.87,1,1,157.87,137,146,,0.0,157.87,0.0,0.0
M93446,,,,156.27,1,1,156.27,138,147,,0.0,0.0,156.27,0.0
M98319,,,,151.65,1,1,151.65,139,148,,0.0,151.65,0.0,0.0
M90184,,,,148.38,1,1,148.38,140,149,,0.0,148.38,0.0,0.0
M99775,,,,148.2,1,1,148.2,141,150,,0.0,148.2,0.0,0.0
M99555,,,,143.3,1,1,143.3,142,151,,0.0,143.3,0.0,0.0
M94476,,,,142.75,1,1,142.75,143,152,,0.0,0.0,142.75,0.0
M98798,,,,142.31,1,1,142.31,144,153,,0.0,142.31,0.0,0.0
M90887,,,,139.51,1,1,139.51,145,154,,139.51,0.0,0.0,0.0
M91229,,,,138.42,1,1,138.42,146,155,,0.0,0.0,138.42,0.0
M99439,,,,136.34,1,1,136.34,147,156,,0.0,0.0,136.34,0.0
M99586,,,,135.17,1,1,135.17,148,157,,0.0,135.17,0.0,0.0
M97729,,,,130.78,1,1,130.78,149,158,,130.78,0.0,0.0,0.0
M96010,,,,130.03,1,1,130.03,150,159,,0.0,130.03,0.0,0.0
M91911,,,,129.66,1,1,129.66,151,160,,0.0,129.66,0.0,0.0
M93156,,,,125.49,1,1,125.49,152,161,,0.0,0.0,125.49,0.0
M94256,,,,125.2,1,1,125.2,153,162,,0.0,0.0,125.2,0.0
M98489,,,,125.0,2,2,62.5,154,163,,113.95,11.05,0.0,0.0
M90761,,,,123.89,1,1,123.89,155,164,,0.0,123.89,0.0,0.0
M94007,,,,122.49,1,1,122.49,156,165,,0.0,122.49,0.0,0.0
M92800,,,,121.31,1,1,121.31,157,166,,0.0,0.0,121.31,0.0
M95256,,,,118.5,1,1,118.5,158,167,,0.0,118.5,0.0,0.0
M94396,,,,108.77,1,1,108.77,159,168,,0.0,108.77,0.0,0.0
M98469,,,,105.26,1,1,105.26,160,169,,0.0,0.0,105.26,0.0
M99133,,,,105.24,1,1,105.24,161,170,,0.0,105.24,0.0,0.0
M94576,,,,103.34,1,1,103.34,162,171,,0.0,103.34,0.0,0.0
M98211,,,,101.41,1,1,101.41,163,172,,0.0,0.0,101.41,0.0
M91460,,,,99.7,1,1,99.7,164,173,,0.0,99.7,0.0,0.0
M97660,,,,98.17,1,1,98.17,165,174,,0.0,98.17,0.0,0.0
M94901,,,,98.17,1,1,98.17,165,174,,0.0,98.17,0.0,0.0
M98443,,,,96.88,1,1,96.88,167,176,,0.0,96.88,0.0,0.0
M92199,,,,95.24,1,1,95.24,168,177,,95.24,0.0,0.0,0.0
M93495,,,,95.22,1,1,95.22,169,178,,0.0,95.22,0.0,0.0
M94035,,,,95.1,1,1,95.1,170,179,,0.0,95.1,0.0,0.0
M92335,,,,94.88,2,2,47.44,171,180,,0.0,70.32,24.56,0.0
M97744,,,,93.23,1,1,93.23,172,181,,0.0,0.0,93.23,0.0
M98725,,,,92.31,1,1,92.31,173,182,,0.0,0.0,92.31,0.0
M92406,,,,90.55,1,1,90.55,174,183,,0.0,90.55,0.0,0.0
M95635,,,,90.36,1,1,90.36,175,184,,0.0,90.36,0.0,0.0
M90508,,,,89.68,1,1,89.68,176,185,,0.0,89.68,0.0,0.0
M99956,,,,88.29,1,1,88.29,177,186,,0.0,88.29,0.0,0.0
M91133,,,,87.95,1,1,87.95,178,187,,0.0,0.0,87.95,0.0
M96026,,,,87.76,1,1,87.76,179,188,,0.0,87.76,0.0,0.0
M98588,,,,87.69,1,1,87.69,180,189,,0.0,87.69,0.0,0.0
M99468,,,,86.87,1,1,86.87,181,190,,0.0,86.87,0.0,0.0
M97084,,,,86.57,1,1,86.57,182,191,,0.0,86.57,0.0,0.0
M96435,,,,84.68,1,1,84.68,183,192,,0.0,0.0,0.0,84.68
M97723,,,,84.58,1,1,84.58,184,193,,84.58,0.0,0.0,0.0
M97987,,,,82.05,1,1,82.05,185,194,,0.0,82.05,0.0,0.0
M96874,,,,79.74,1,1,79.74,186,195,,0.0,79.74,0.0,0.0
M96848,,,,79.03,1,1,79.03,187,196,,0.0,79.03,0.0,0.0
M96085,,,,76.74,1,1,76.74,188,197,,0.0,76.74,0.0,0.0
M98074,,,,76.6,1,1,76.6,189,198,,0.0,76.6,0.0,0.0
M91976,,,,73.27,1,1,73.27,190,199,,0.0,73.27,0.0,0.0
M91456,,,,72.28,1,1,72.28,191,200,,0.0,0.0,72.28,0.0
M90516,,,,71.49,1,1,71.49,192,201,,71.49,0.0,0.0,0.0
M98998,,,,71.41,1,1,71.41,193,202,,0.0,71.41,0.0,0.0
M97809,,,,70.28,1,1,70.28,194,203,,0.0,70.28,0.0,0.0
M93149,,,,70.24,1,1,70.24,195,204,,0.0,0.0,70.24,0.0
M91165,,,,68.88,1,1,68.88,196,205,,0.0,0.0,68.88,0.0
M91490,,,,68.6,1,1,68.6,197,206,,0.0,0.0,68.6,0.0
M90288,,,,68.4,1,1,68.4,198,207,,0.0,0.0,68.4,0.0
M95965,,,,65.94,1,1,65.94,199,208,,0.0,65.94,0.0,0.0
M90910,,,,64.51,1,1,64.51,200,209,,0.0,64.51,0.0,0.0
M95706,,,,64.28,1,1,64.28,201,210,,64.28,0.0,0.0,0.0
M96148,,,,64.2,1,1,64.2,202,211,,0.0,0.0,64.2,0.0
M96688,,,,59.1,1,1,59.1,203,212,,0.0,59.1,0.0,0.0
M94976,,,,57.98,1,1,57.98,204,213,,0.0,57.98,0.0,0.0
M98313,,,,57.4,1,1,57.4,205,214,,57.4,0.0,0.0,0.0
M95853,,,,56.86,1,1,56.86,206,215,,0.0,0.0,56.86,0.0
M97378,,,,55.9,1,1,55.9,207,216,,0.0,55.9,0.0,0.0
M99520,,,,53.66,1,1,53.66,208,217,,0.0,0.0,53.66,0.0
M90255,,,,53.1,1,1,53.1,209,218,,53.1,0.0,0.0,0.0
M92799,,,,52.65,1,1,52.65,210,219,,52.65,0.0,0.0,0.0
M92507,,,,52.11,1,1,52.11,211,220,,0.0,0.0,52.11,0.0
M91438,,,,51.98,1,1,51.98,212,221,,0.0,0.0,51.98,0.0
M99706,,,,51.77,1,1,51.77,213,222,,0.0,51.77,0.0,0.0
M90192,,,,50.27,1,1,50.27,214,223,,0.0,50.27,0.0,0.0
M99622,,,,48.69,1,1,48.69,215,224,,0.0,0.0,48.69,0.0
M93854,,,,47.11,1,1,47.11,216,225,,0.0,47.11,0.0,0.0
M98814,,,,41.75,1,1,41.75,217,226,,41.75,0.0,0.0,0.0
M94336,,,,41.57,1,1,41.57,218,227,,0.0,41.57,0.0,0.0
M95267,,,,41.51,1,1,41.51,219,228,,0.0,0.0,41.51,0.0
M90037,,,,39.44,1,1,39.44,220,229,,0.0,39.44,0.0,0.0
M98042,,,,39.22,1,1,39.22,221,230,,39.22,0.0,0.0,0.0
M94908,,,,38.49,1,1,38.49,222,231,,0.0,0.0,0.0,38.49
M95021,,,,38.43,1,1,38.43,223,232,,38.43,0.0,0.0,0.0
M91698,,,,37.8,1,1,37.8,224,233,,0.0,37.8,0.0,0.0
M97980,,,,36.26,1,1,36.26,225,234,,0.0,0.0,36.26,0.0
M96957,,,,33.36,1,1,33.36,226,235,,0.0,33.36,0.0,0.0
M91694,,,,32.37,1,1,32.37,227,236,,0.0,0.0,32.37,0.0
M91107,,,,30.62,1,1,30.62,228,237,,0.0,30.62,0.0,0.0
M96311,,,,30.52,1,1,30.52,229,238,,0.0,30.52,0.0,0.0
M94017,,,,30.24,1,1,30.24,230,239,,0.0,0.0,30.24,0.0
M97003,,,,29.7,1,1,29.7,231,240,,0.0,0.0,29.7,0.0
M96692,,,,29.33,1,1,29.33,232,241,,0.0,0.0,29.33,0.0
M93464,,,,28.67,1,1,28.67,233,242,,28.67,0.0,0.0,0.0
M96189,,,,28.66,1,1,28.66,234,243,,0.0,0.0,0.0,0.0
M96145,,,,27.97,1,1,27.97,235,244,,0.0,27.97,0.0,0.0
M91268,,,,27.93,1,1,27.93,236,245,,0.0,0.0,0.0,27.93
M98759,,,,26.69,1,1,26.69,237,246,,0.0,26.69,0.0,0.0
M90373,,,,26.01,1,1,26.01,238,247,,0.0,0.0,26.01,0.0
M90889,,,,25.2,1,1,25.2,239,248,,25.2,0.0,0.0,0.0
M90763,,,,24.22,1,1,24.22,240,249,,0.0,24.22,0.0,0.0
M93117,,,,23.69,1,1,23.69,241,250,,0.0,23.69,0.0,0.0
M96420,,,,20.53,1,1,20.53,242,251,,0.0,20.53,0.0,0.0
M93277,,,,20.09,1,1,20.09,243,252,,0.0,0.0,20.09,0.0
M91588,,,,18.45,1,1,18.45,244,253,,0.0,18.45,0.0,0.0
M97418,,,,18.0,1,1,18.0,245,254,,0.0,18.0,0.0,0.0
M98264,,,,16.05,1,1,16.05,246,255,,16.05,0.0,0.0,0.0
M97334,,,,15.16,1,1,15.16,247,256,,0.0,15.16,0.0,0.0
M99425,,,,15.07,1,1,15.07,248,257,,0.0,0.0,15.07,0.0
M94302,,,,14.35,1,1,14.35,249,258,,14.35,0.0,0.0,0.0
M98583,,,,13.73,1,1,13.73,250,259,,0.0,13.73,0.0,0.0
M93725,,,,11.74,1,1,11.74,251,260,,0.0,11.74,0.0,0.0
M95660,,,,11.15,1,1,11.15,252,261,,0.0,11.15,0.0,0.0
M95427,,,,10.09,1,1,10.09,253,262,,0.0,0.0,10.09,0.0
M96109,,,,9.84,1,1,9.84,254,263,,0.0,9.84,0.0,0.0
M94241,,,,7.64,1,1,7.64,255,264,,0.0,7.64,0.0,0.0
M93762,,,,7.25,1,1,7.25,256,265,,0.0,0.0,7.25,0.0
M92632,,,,6.0,1,1,6.0,257,266,,0.0,0.0,6.0,0.0
M94370,,,,4.9,1,1,4.9,258,267,,0.0,0.0,4.9,0.0
M00463,ElectroWorld 463,Electronics,Auvergne-Rhône-Alpes,423829.94,276,248,1535.62,10,1,18902.82,40303.54,183365.55,173778.45,14490.12
M00204,DigitalHub 204,Electronics,Auvergne-Rhône-Alpes,401864.08,236,219,1702.81,12,2,21740.85,53932.07,187227.56,133821.52,15939.01
M00471,AutoShop 471,Automotive,Auvergne-Rhône-Alpes,383030.72,373,351,1026.89,3,3,13099.65,47610.76,161002.4,152343.23,12605.85
M00122,ElectroWorld 122,Electronics,Auvergne-Rhône-Alpes,363248.81,252,233,1441.46,18,4,20232.96,54578.86,161707.52,116401.49,13595.26
M00165,MotorHub 165,Automotive,Auvergne-Rhône-Alpes,324482.25,284,263,1142.54,9,5,30598.68,43895.01,135809.25,113081.64,23667.8
M00545,GadgetShop 545,Electronics,Auvergne-Rhône-Alpes,315176.2,271,258,1163.01,23,6,23039.38,69645.73,117457.2,111614.69,13157.73
M00554,MotorHub 554,Automotive,Auvergne-Rhône-Alpes,313317.49,315,289,994.66,12,7,14349.94,45766.97,141636.04,106797.8,15466.05
M00374,DecorShop 374,Home & Garden,Auvergne-Rhône-Alpes,244255.66,373,343,654.84,1,8,16560.53,35409.68,106803.18,81373.19,15387.87
M00484,DecorShop 484,Home & Garden,Auvergne-Rhône-Alpes,232577.42,405,375,574.27,3,9,7070.35,27822.68,103275.89,74044.73,16467.52
M00196,MotorHub 196,Automotive,Auvergne-Rhône-Alpes,229822.18,282,267,814.97,27,10,12824.08,22844.32,100109.12,76244.76,17395.18
M00217,TechStore 217,Electronics,Auvergne-Rhône-Alpes,218020.66,149,140,1463.23,41,11,17899.5,32354.07,100169.15,67439.89,9681.16
M00444,AutoCenter 444,Automotive,Auvergne-Rhône-Alpes,209170.43,286,274,731.37,34,12,10897.78,26930.43,95038.85,75486.23,7501.98
M00251,CarParts 251,Automotive,Auvergne-Rhône-Alpes,193729.31,237,224,817.42,37,13,13212.34,26984.42,98816.11,59457.59,4992.62
M00587,AutoCenter 587,Automotive,Auvergne-Rhône-Alpes,176129.14,172,169,1024.01,39,14,1796.52,22071.33,78375.63,58216.95,13606.06
M00508,CarParts 508,Automotive,Auvergne-Rhône-Alpes,163718.52,158,151,1036.19,43,15,3159.77,13796.45,86181.82,53912.77,6897.58
M00368,SportHub 368,Sports,Auvergne-Rhône-Alpes,162436.92,433,397,375.14,3,16,8901.54,17049.36,75372.0,60498.09,4232.36
M00233,CarParts 233,Automotive,Auvergne-Rhône-Alpes,155110.19,132,123,1175.08,45,17,2636.87,23203.84,51295.43,70973.36,4212.07
M00395,HomeCenter 395,Home & Garden,Auvergne-Rhône-Alpes,148904.81,233,216,639.08,24,18,2352.7,14167.77,64524.62,61262.91,4318.88
M00385,ElectroWorld 385,Electronics,Auvergne-Rhône-Alpes,147534.44,164,156,899.6,57,19,14709.18,18943.28,65793.25,51061.42,3659.6
M00472,GardenWorld 472,Home & Garden,Auvergne-Rhône-Alpes,141922.45,237,226,598.83,29,20,13369.09,19534.03,49247.68,41959.57,6807.88
M00522,GardenWorld 522,Home & Garden,Auvergne-Rhône-Alpes,133410.86,357,322,373.7,32,21,2708.24,15138.63,57058.22,50799.07,6756.17
M00283,HomeCenter 283,Home & Garden,Auvergne-Rhône-Alpes,131899.19,254,244,519.29,33,22,9312.08,25901.58,55889.06,40043.18,7263.2
M00057,SportZone 57,Sports,Auvergne-Rhône-Alpes,96996.38,350,327,277.13,24,23,2851.69,10317.13,41249.62,35341.05,4743.59
M00127,SportZone 127,Sports,Auvergne-Rhône-Alpes,96886.1,214,201,452.74,25,24,3575.1,9880.05,38958.25,31132.24,6351.8
M00327,FitnessShop 327,Sports,Auvergne-Rhône-Alpes,88486.66,258,246,342.97,28,25,2645.75,14154.36,37774.22,30156.57,4323.78
M00049,ActiveWear 49,Sports,Auvergne-Rhône-Alpes,71573.25,256,245,279.58,41,26,2440.65,10300.91,31860.81,23438.95,3150.48
M00248,ClothingHub 248,Clothing,Auvergne-Rhône-Alpes,59778.18,276,264,216.59,23,27,2229.73,7177.56,29130.21,19241.48,3076.18
M00175,ClothingHub 175,Clothing,Auvergne-Rhône-Alpes,54444.05,242,230,224.98,27,28,4252.08,6516.13,28107.11,15846.24,2839.98
M00024,HealthHub 24,Health,Auvergne-Rhône-Alpes,41084.44,207,199,198.48,8,29,3578.45,4767.52,19456.16,14076.22,1936.16
M00412,HealthShop 412,Health,Auvergne-Rhône-Alpes,38114.29,277,257,137.6,14,30,476.43,5730.43,16926.24,11792.59,2585.76
M00173,PlayShop 173,Toys,Auvergne-Rhône-Alpes,37916.86,351,315,108.03,6,31,432.25,4792.31,17774.39,12554.88,2123.2
M00256,VitalShop 256,Health,Auvergne-Rhône-Alpes,37152.95,207,199,179.48,16,32,783.93,4757.4,16010.87,14891.62,963.71
M00481,HealthShop 481,Health,Auvergne-Rhône-Alpes,36326.82,234,217,155.24,17,33,2001.61,6761.41,17023.84,9865.3,1798.11
M00308,PlayShop 308,Toys,Auvergne-Rhône-Alpes,34009.43,305,287,111.51,8,34,2006.56,5097.64,15425.47,11605.23,1231.59
M00304,SportZone 304,Sports,Auvergne-Rhône-Alpes,33857.59,133,130,254.57,50,35,524.79,4209.71,16269.57,9821.76,2132.96
M00026,BeautyWorld 26,Beauty,Auvergne-Rhône-Alpes,32989.48,310,283,106.42,8,36,2174.01,5338.44,13803.96,11021.44,2604.63
M00159,WellnessStore 159,Health,Auvergne-Rhône-Alpes,31130.45,286,272,108.85,29,37,1771.32,3062.4,14788.41,10650.86,2160.34
M00123,CosmeticHub 123,Beauty,Auvergne-Rhône-Alpes,27282.54,292,274,93.43,12,38,2387.22,3804.21,11526.75,9679.11,1221.37
M00156,KidsWorld 156,Toys,Auvergne-Rhône-Alpes,27019.86,263,241,102.74,17,39,718.73,2852.9,11017.44,11167.74,906.03
M00353,ToyHub 353,Toys,Auvergne-Rhône-Alpes,26430.27,204,189,129.56,18,40,1474.81,3666.33,12073.47,8066.96,1726.84
M00021,KidsWorld 21,Toys,Auvergne-Rhône-Alpes,25760.24,193,186,133.47,23,41,2382.82,2400.12,12917.57,7459.76,1613.93
M00081,ToyHub 81,Toys,Auvergne-Rhône-Alpes,23595.02,256,242,92.17,27,42,323.25,2152.53,11644.25,5730.14,2132.85
M00590,HealthShop 590,Health,Auvergne-Rhône-Alpes,23171.51,204,191,113.59,46,43,1031.13,2970.66,10420.38,8228.0,1043.54
M00320,HealthShop 320,Health,Auvergne-Rhône-Alpes,23158.58,149,136,155.43,47,44,1794.79,4422.77,8488.51,8578.54,955.8
M00349,PlayShop 349,Toys,Auvergne-Rhône-Alpes,22925.11,207,191,110.75,29,45,2283.34,2713.72,8672.73,8909.85,1930.78
M00208,ToyLand 208,Toys,Auvergne-Rhône-Alpes,21830.34,223,209,97.89,33,46,224.85,2337.68,9073.6,7988.63,1469.97
M00188,HealthShop 188,Health,Auvergne-Rhône-Alpes,20156.45,87,84,231.68,52,47,790.13,2594.33,6897.97,8468.79,1389.01
M00119,GlowShop 119,Beauty,Auvergne-Rhône-Alpes,19955.68,187,175,106.71,35,48,810.2,2161.79,7952.13,6752.56,1737.5
M00104,ToyLand 104,Toys,Auvergne-Rhône-Alpes,19930.83,187,173,106.58,36,49,1458.94,3392.42,9871.04,5208.74,949.15
M00257,KidsWorld 257,Toys,Auvergne-Rhône-Alpes,19808.92,266,251,74.47,37,50,730.95,3778.22,8194.52,5607.4,1775.72
M00052,FoodMart 52,Food,Auvergne-Rhône-Alpes,17457.18,374,343,46.68,17,51,1098.06,2737.88,7078.0,6217.82,871.3
M00485,BeautyWorld 485,Beauty,Auvergne-Rhône-Alpes,16412.38,156,148,105.21,47,52,231.41,3261.11,7007.51,4394.61,1061.13
M00435,FoodHub 435,Food,Auvergne-Rhône-Alpes,16385.15,253,240,64.76,21,53,645.57,2453.73,7255.93,5498.46,587.06
M00141,FoodMart 141,Food,Auvergne-Rhône-Alpes,16249.86,334,315,48.65,22,54,796.24,1476.06,6985.18,6087.88,1189.29
M00312,BeautyWorld 312,Beauty,Auvergne-Rhône-Alpes,16190.96,202,191,80.15,48,55,825.74,2162.37,6707.7,6254.73,956.94
M00065,PlayShop 65,Toys,Auvergne-Rhône-Alpes,15535.0,146,137,106.4,51,56,744.13,2135.47,5182.83,6645.76,954.75
M00131,BeautyWorld 131,Beauty,Auvergne-Rhône-Alpes,15340.86,148,148,103.65,51,57,656.59,1508.81,7707.85,4639.18,1292.9
M00342,FoodMart 342,Food,Auvergne-Rhône-Alpes,14746.96,307,289,48.04,27,58,1396.54,3145.12,6083.97,4365.93,466.57
M00348,GourmetShop 348,Food,Auvergne-Rhône-Alpes,14597.25,283,272,51.58,28,59,976.56,2378.91,5919.91,5494.37,379.54
M00562,BeautyWorld 562,Beauty,Auvergne-Rhône-Alpes,14578.54,190,181,76.73,54,60,1446.19,2231.55,5814.43,5515.2,605.24
M00200,GlowShop 200,Beauty,Auvergne-Rhône-Alpes,13601.36,140,136,97.15,57,61,982.02,2577.45,5038.27,5269.73,591.37
M00129,GourmetShop 129,Food,Auvergne-Rhône-Alpes,13149.33,292,276,45.03,33,62,194.61,1983.68,6110.36,4163.4,360.95
M00148,BeautyWorld 148,Beauty,Auvergne-Rhône-Alpes,12629.75,151,144,83.64,62,63,217.23,1458.34,5200.1,5098.97,373.84
M00313,GourmetShop 313,Food,Auvergne-Rhône-Alpes,12337.37,208,198,59.31,36,64,1218.93,2414.74,5423.4,3443.19,752.53
M00022,ReadMore 22,Books,Auvergne-Rhône-Alpes,12206.25,243,235,50.23,10,65,1135.18,1693.14,5549.55,4302.1,369.43
M00089,LibraryShop 89,Books,Auvergne-Rhône-Alpes,12202.45,237,220,51.49,11,66,452.71,1498.69,5996.99,3512.85,980.22
M00215,LibraryShop 215,Books,Auvergne-Rhône-Alpes,11040.24,264,251,41.82,15,67,746.32,1408.22,5255.47,3829.01,282.44
M00379,BookCorner 379,Books,Auvergne-Rhône-Alpes,10907.89,185,175,58.96,18,68,865.0,1134.5,5130.45,3922.51,449.98
M00037,ReadMore 37,Books,Auvergne-Rhône-Alpes,10718.1,234,219,45.8,20,69,995.71,1608.83,3815.67,4140.5,956.31
M00232,BookHaven 232,Books,Auvergne-Rhône-Alpes,9974.47,271,254,36.81,27,70,369.06,1310.35,4715.6,3276.99,211.08
M00061,BookHaven 61,Books,Auvergne-Rhône-Alpes,9729.98,217,199,44.84,30,71,888.35,1644.25,4504.0,2991.29,267.34
M00589,BookHaven 589,Books,Auvergne-Rhône-Alpes,9183.32,206,194,44.58,39,72,483.96,1580.57,4030.29,3131.4,391.14
M00319,ReadMore 319,Books,Auvergne-Rhône-Alpes,8992.39,190,175,47.33,40,73,343.51,999.6,3830.57,3342.44,706.83
M00055,BookCorner 55,Books,Auvergne-Rhône-Alpes,8340.66,232,218,35.95,44,74,153.47,1268.73,3791.33,2914.34,148.26
M00355,LibraryShop 355,Books,Auvergne-Rhône-Alpes,6267.64,125,123,50.14,51,75,224.38,931.98,3102.53,1688.5,210.83
M00116,WellnessStore 116,Health,Auvergne-Rhône-Alpes,6087.07,57,56,106.79,73,76,522.27,1131.24,2042.93,2521.51,345.47
M00400,BookHaven 400,Books,Auvergne-Rhône-Alpes,4422.89,106,103,41.73,61,77,293.68,400.14,2358.09,1286.3,302.45
M00540,ReadMore 540,Books,Auvergne-Rhône-Alpes,2676.02,63,61,42.48,66,78,176.88,267.03,1404.54,833.87,141.7
M00525,AutoShop 525,Automotive,Bretagne,451290.72,393,362,1148.32,2,1,39668.45,77692.88,205684.54,142593.47,10728.42
M00592,ElectroWorld 592,Electronics,Bretagne,377287.14,193,182,1954.86,15,2,5244.29,34897.39,199524.34,122271.0,12702.48
M00339,CarParts 339,Automotive,Bretagne,358271.38,272,256,1317.17,6,3,12897.77,40907.57,133123.91,138237.43,31382.62
M00083,MotorHub 83,Automotive,Bretagne,308462.34,281,260,1097.73,14,4,8328.48,36707.7,141782.64,108344.77,11988.54
M00502,CarParts 502,Automotive,Bretagne,305324.65,223,208,1369.17,18,5,16579.13,33293.55,139024.09,118643.75,5996.69
M00231,GadgetShop 231,Electronics,Bretagne,241186.7,168,159,1435.64,36,6,19632.6,52541.87,94385.72,75325.22,8200.35
M00441,MotorHub 441,Automotive,Bretagne,238234.54,181,177,1316.21,25,7,8266.74,28621.94,113061.88,78416.83,9915.09
M00398,CarParts 398,Automotive,Bretagne,218698.57,201,190,1088.05,31,8,18764.34,40168.27,92825.61,67631.47,9675.89
M00584,GadgetShop 584,Electronics,Bretagne,209043.49,146,140,1431.8,43,9,2529.43,25282.89,80775.52,80282.8,19103.25
M00198,ActiveWear 198,Sports,Bretagne,171997.34,463,422,371.48,2,10,11575.42,24504.01,71828.79,63021.78,7151.83
M00537,GardenWorld 537,Home & Garden,Bretagne,144869.04,267,240,542.58,26,11,11241.84,12433.15,72645.86,49531.21,5284.88
M00510,MotorHub 510,Automotive,Bretagne,142464.18,153,148,931.14,47,12,9701.81,16969.49,68606.42,46146.46,5289.41
M00478,GadgetShop 478,Electronics,Bretagne,140651.47,109,107,1290.38,58,13,11589.68,14045.68,59872.13,61020.55,5713.11
M00059,AutoCenter 59,Automotive,Bretagne,133687.21,174,168,768.32,50,14,5628.23,13226.43,71002.39,43346.89,3274.68
M00583,ActiveWear 583,Sports,Bretagne,117605.38,358,323,328.51,14,15,4269.08,15840.47,52846.17,40299.95,3091.51
M00307,SportZone 307,Sports,Bretagne,111359.69,348,327,320.0,16,16,10389.86,10160.12,43942.02,43994.23,7411.47
M00417,SportHub 417,Sports,Bretagne,109791.2,299,283,367.19,17,17,2129.95,10046.9,50035.6,36981.22,8426.42
M00367,DigitalHub 367,Electronics,Bretagne,103868.28,94,90,1104.98,62,18,2388.97,12624.57,52298.32,32853.08,2735.59
M00013,ClothingHub 13,Clothing,Bretagne,101046.85,371,335,272.36,3,19,5769.78,9919.15,50317.72,35776.14,3015.81
M00571,FitnessShop 571,Sports,Bretagne,83762.18,202,191,414.66,33,20,7228.68,6580.59,32257.05,31838.97,8402.06
M00416,StyleShop 416,Clothing,Bretagne,80904.14,429,380,188.59,11,21,6868.76,8812.07,33030.64,32857.44,4757.81
M00227,FitnessShop 227,Sports,Bretagne,67914.51,234,222,290.23,42,22,5990.06,9874.64,29674.8,20255.42,2981.88
M00078,AutoShop 78,Automotive,Bretagne,66428.23,142,135,467.8,59,23,777.21,9618.4,36080.53,16264.39,3267.44
M00137,DecorShop 137,Home & Garden,Bretagne,54288.04,144,138,377.0,47,24,2605.83,10026.46,20848.5,19089.62,3616.05
M00142,KidsWorld 142,Toys,Bretagne,43142.15,380,345,113.53,3,25,2946.61,6723.25,21396.04,12046.61,2311.2
M00437,VitalShop 437,Health,Bretagne,29643.51,208,198,142.52,33,26,2427.8,3190.81,13579.05,10845.12,1747.55
M00268,KidsWorld 268,Toys,Bretagne,26341.54,253,231,104.12,19,27,890.34,4402.6,10224.04,9079.21,2065.56
M00524,GourmetShop 524,Food,Bretagne,24490.1,251,240,97.57,2,28,2382.89,10669.04,6158.04,5808.07,845.24
M00285,HealthHub 285,Health,Bretagne,17686.38,169,165,104.65,57,29,1372.46,2264.48,8788.59,5906.66,396.37
M00152,GlowShop 152,Beauty,Bretagne,17612.08,195,183,90.32,44,30,1363.17,2825.5,6137.69,6888.57,853.62
M00023,GourmetShop 23,Food,Bretagne,15808.97,280,262,56.46,23,31,1081.33,1757.04,6199.56,5771.07,964.64
M00487,FoodHub 487,Food,Bretagne,13374.94,202,191,66.21,32,32,256.8,1215.84,6212.06,4877.67,768.44
M00378,PlayShop 378,Toys,Bretagne,12916.55,176,168,73.39,55,33,322.91,2136.75,6328.44,3843.39,504.65
M00358,GourmetShop 358,Food,Bretagne,12067.65,194,183,62.2,37,34,1117.46,1483.48,4733.26,5488.27,362.64
M00532,ReadMore 532,Books,Bretagne,9812.38,210,200,46.73,29,35,216.85,1218.44,4524.49,3437.3,395.8
M00001,BookHaven 1,Books,Bretagne,9281.48,171,163,54.28,36,36,633.0,1232.72,4422.89,2936.79,334.51
M00128,FoodHub 128,Food,Bretagne,8116.29,131,124,61.96,50,37,587.62,1629.06,3749.1,1836.62,365.78
M00207,HealthHub 207,Health,Bretagne,6048.45,94,90,64.35,74,38,401.62,1039.09,2569.52,2024.66,136.96
M00180,ToyHub 180,Toys,Bretagne,5988.27,110,105,54.44,58,39,104.79,592.96,3293.92,1819.15,101.16
M00548,LibraryShop 548,Books,Bretagne,5953.7,148,143,40.23,53,40,130.98,853.99,2037.54,2536.87,332.3
M00225,TechStore 225,Electronics,Grand Est,592105.25,383,351,1545.97,1,1,44703.95,73697.22,242289.37,231451.85,25333.28
M00433,AutoShop 433,Automotive,Grand Est,379949.27,400,360,949.87,4,2,5243.3,53236.58,177517.1,119458.22,17778.19
M00279,MotorHub 279,Automotive,Grand Est,341322.8,270,252,1264.16,7,3,11878.03,37646.26,163056.63,110873.59,16584.28
M00297,GadgetShop 297,Electronics,Grand Est,302867.9,188,176,1611.0,25,4,3119.54,38201.65,129517.33,95614.06,23719.69
M00289,DigitalHub 289,Electronics,Grand Est,270715.75,147,141,1841.6,31,5,3167.37,35767.17,117389.26,100817.79,10994.14
M00244,AutoCenter 244,Automotive,Grand Est,215288.49,273,251,788.6,32,6,6135.72,31370.13,89921.07,78142.67,7710.09
M00247,GadgetShop 247,Electronics,Grand Est,206047.63,145,141,1421.02,44,7,7191.06,32040.49,90895.61,78901.93,4101.38
M00006,HomeStyle 6,Home & Garden,Grand Est,193564.02,391,359,495.05,10,8,14536.66,33157.27,80890.33,65481.88,8775.08
M00429,HomeCenter 429,Home & Garden,Grand Est,118095.59,285,274,414.37,36,9,3212.2,17440.69,39200.76,45700.5,11848.56
M00071,GardenWorld 71,Home & Garden,Grand Est,110587.6,190,181,582.04,39,10,3527.74,18953.12,50453.19,34563.86,4263.76
M00365,FitnessShop 365,Sports,Grand Est,102137.23,253,241,403.7,21,11,1297.14,16566.88,34126.95,44187.16,2663.37
M00411,SportZone 411,Sports,Grand Est,97942.06,217,206,451.35,23,12,3153.73,13607.52,39840.24,34742.84,8090.52
M00418,AutoShop 418,Automotive,Grand Est,83964.34,85,81,987.82,57,13,7044.61,14337.33,37078.81,27603.3,2923.28
M00580,StyleShop 580,Clothing,Grand Est,82273.8,422,378,194.96,8,14,5191.48,12115.61,37777.95,26311.0,4616.99
M00182,StyleShop 182,Clothing,Grand Est,81528.82,282,266,289.11,10,15,4973.26,15009.87,36230.65,25475.59,3684.81
M00578,HomeCenter 578,Home & Garden,Grand Est,74046.27,156,153,474.66,44,16,3998.5,12028.36,35918.81,22735.38,2689.31
M00124,WellnessStore 124,Health,Grand Est,62775.51,372,337,168.75,1,17,5467.75,8857.49,26756.87,22428.63,2698.93
M00361,WellnessStore 361,Health,Grand Est,51143.94,262,245,195.21,3,18,4608.07,8525.6,19852.24,14567.27,6585.54
M00040,CosmeticHub 40,Beauty,Grand Est,35449.54,234,229,151.49,7,19,946.5,6433.93,14779.65,11861.89,1600.2
M00547,HealthShop 547,Health,Grand Est,33917.05,199,196,170.44,21,20,379.87,7189.55,11059.38,11718.04,2591.89
M00039,HealthShop 39,Health,Grand Est,33269.08,266,254,125.07,23,21,988.09,4264.78,14075.35,11763.24,2145.59
M00051,ToyLand 51,Toys,Grand Est,32736.19,319,294,102.62,10,22,2563.24,2292.36,15782.63,12383.69,1621.48
M00504,FashionStore 504,Clothing,Grand Est,31139.69,226,213,137.79,41,23,840.77,2832.56,12806.76,12065.32,1605.28
M00171,CosmeticHub 171,Beauty,Grand Est,29860.92,253,230,118.03,10,24,1866.31,4014.25,14609.5,8195.87,1565.08
M00269,FashionStore 269,Clothing,Grand Est,27758.33,135,133,205.62,43,25,971.54,4210.12,12526.36,8711.76,2151.73
M00346,ToyHub 346,Toys,Grand Est,25977.69,277,258,93.78,21,26,857.26,2946.84,11032.14,8951.12,2236.46
M00058,VitalShop 58,Health,Grand Est,25409.25,216,205,117.64,41,27,2223.31,2152.17,12538.07,8456.67,1687.38
M00174,KidsWorld 174,Toys,Grand Est,24306.33,214,203,113.58,26,28,634.4,5042.44,8279.45,8656.22,1475.08
M00070,GlowShop 70,Beauty,Grand Est,23659.09,179,174,132.17,20,29,1843.04,3136.35,9965.51,8000.08,2046.27
M00475,KidsWorld 475,Toys,Grand Est,22485.73,178,167,126.32,30,30,1122.04,5621.46,8311.23,5959.28,1741.02
M00105,FreshMarket 105,Food,Grand Est,22303.97,292,271,76.38,7,31,1054.98,2897.51,9037.23,8411.55,1264.01
M00263,VitalShop 263,Health,Grand Est,21691.79,158,152,137.29,49,32,885.03,3301.59,9442.41,7253.17,1056.58
M00293,BeautyCorner 293,Beauty,Grand Est,21103.78,201,191,104.99,30,33,1530.02,2663.7,9342.71,8203.78,411.65
M00091,CosmeticHub 91,Beauty,Grand Est,20349.49,138,129,147.46,33,34,1037.82,2368.32,10312.39,6689.49,310.71
M00194,ToyLand 194,Toys,Grand Est,16727.81,148,142,113.03,49,35,761.12,2385.49,7790.51,5621.66,669.62
M00323,GourmetShop 323,Food,Grand Est,16552.03,226,209,73.24,19,36,1123.88,2703.28,5558.99,7204.55,801.16
M00512,BookCorner 512,Books,Grand Est,14864.76,292,282,50.91,5,37,649.59,1766.27,6871.02,5235.75,659.53
M00324,FoodMart 324,Food,Grand Est,14498.52,292,278,49.65,30,38,372.61,1778.73,6477.7,5227.69,255.35
M00235,BeautyCorner 235,Beauty,Grand Est,13803.03,142,136,97.2,56,39,804.72,1818.73,6765.34,4249.31,416.79
M00452,BeautyWorld 452,Beauty,Grand Est,11993.75,181,171,66.26,63,40,1162.19,2119.85,4924.8,4080.2,520.37
M00253,HealthShop 253,Health,Grand Est,11043.83,80,76,138.05,69,41,395.37,782.5,5973.24,4125.0,163.09
M00184,HealthShop 184,Health,Grand Est,11011.83,108,104,101.96,70,42,853.42,2646.87,4203.19,3448.3,134.58
M00032,LibraryShop 32,Books,Grand Est,10821.08,231,215,46.84,19,43,1018.26,2127.17,3916.37,3879.93,652.43
M00136,FoodHub 136,Food,Grand Est,10555.81,150,144,70.37,42,44,575.29,1660.87,4496.1,3880.41,476.76
M00316,FreshMarket 316,Food,Grand Est,9426.9,130,126,72.51,45,45,116.89,2283.97,4083.95,2296.16,413.21
M00455,BookCorner 455,Books,Grand Est,9315.15,175,171,53.23,35,46,218.91,1194.33,4046.37,3619.13,356.96
M00515,BookCorner 515,Books,Grand Est,9248.59,236,221,39.19,37,47,238.61,1478.96,3797.41,3323.86,480.02
M00213,FoodMart 213,Food,Grand Est,8952.0,176,169,50.86,48,48,430.59,1100.34,4007.09,3129.03,497.15
M00226,BookHaven 226,Books,Grand Est,5492.87,196,186,28.02,55,49,357.59,744.8,2469.2,2069.76,122.41
M00130,FoodHub 130,Food,Grand Est,4498.57,86,83,52.31,57,50,243.37,581.84,1711.12,1656.74,255.74
M00520,TechStore 520,Electronics,Hauts-de-France,282601.38,305,288,926.56,28,1,26875.39,36618.33,132764.99,94556.19,11611.35
M00566,DigitalHub 566,Electronics,Hauts-de-France,254157.89,211,195,1204.54,34,2,19620.99,42327.05,96425.85,81935.2,19635.65
M00284,GadgetShop 284,Electronics,Hauts-de-France,250840.05,219,209,1145.39,35,3,8679.07,31185.26,124068.2,78848.23,8489.42
M00561,DecorShop 561,Home & Garden,Hauts-de-France,232882.33,291,271,800.28,2,4,6567.28,38502.27,105498.22,72436.08,12147.98
M00438,MotorHub 438,Automotive,Hauts-de-France,223404.5,184,172,1214.15,28,5,2814.9,27207.09,104861.07,71328.64,8426.79
M00094,HomeStyle 94,Home & Garden,Hauts-de-France,214868.15,366,340,587.07,7,6,8379.86,31653.97,94406.53,74275.07,10388.49
M00420,HomeStyle 420,Home & Garden,Hauts-de-France,187534.48,286,267,655.71,12,7,17384.45,25096.85,97279.71,53862.89,8813.06
M00352,HomeStyle 352,Home & Garden,Hauts-de-France,186919.93,232,212,805.69,13,8,2672.95,37154.48,59117.85,74062.36,12827.37
M00195,SportHub 195,Sports,Hauts-de-France,183779.96,419,373,438.62,1,9,8086.32,19066.81,81897.88,66949.32,8114.57
M00572,DecorShop 572,Home & Garden,Hauts-de-France,181303.45,286,270,633.93,15,10,7360.92,41782.11,72752.66,55974.65,9321.82
M00357,GadgetShop 357,Electronics,Hauts-de-France,150062.86,133,126,1128.29,56,11,12560.26,32187.26,50639.28,57196.2,7304.67
M00035,ActiveWear 35,Sports,Hauts-de-France,148368.74,415,374,357.52,6,12,4243.35,13008.57,73205.69,49638.41,8829.89
M00028,FitnessShop 28,Sports,Hauts-de-France,142939.2,355,326,402.65,8,13,7518.6,15114.84,60225.59,52732.41,10714.91
M00436,GardenWorld 436,Home & Garden,Hauts-de-France,134748.54,250,236,538.99,31,14,7114.72,11801.33,65397.08,46694.63,6129.2
M00036,SportHub 36,Sports,Hauts-de-France,132950.11,289,266,460.03,10,15,9452.75,20016.96,59493.56,44000.89,3748.11
M00473,DecorShop 473,Home & Garden,Hauts-de-France,113603.91,204,194,556.88,38,16,10803.73,12984.55,55157.19,38811.56,4757.65
M00125,HomeStyle 125,Home & Garden,Hauts-de-France,109807.3,180,169,610.04,40,17,6423.73,7974.13,46404.45,46920.17,4625.23
M00598,TrendyWear 598,Clothing,Hauts-de-France,92306.31,323,298,285.78,5,18,1172.29,12968.5,43645.93,30332.85,3533.34
M00066,ClothingHub 66,Clothing,Hauts-de-France,89546.82,381,348,235.03,6,19,6223.5,9843.13,41792.63,31797.29,3126.38
M00203,SportHub 203,Sports,Hauts-de-France,87998.63,231,216,380.95,29,20,3871.94,9456.81,40643.34,33545.27,2990.04
M00354,ActiveWear 354,Sports,Hauts-de-France,85105.0,226,219,376.57,32,21,4561.63,13790.21,40628.75,23514.44,5112.59
M00157,TrendyWear 157,Clothing,Hauts-de-France,71133.64,252,234,282.28,16,22,3805.65,5874.16,35587.23,20332.1,4369.1
M00465,StyleShop 465,Clothing,Hauts-de-France,64317.58,255,242,252.23,21,23,6065.15,7693.53,29086.0,22402.43,3916.0
M00100,StyleShop 100,Clothing,Hauts-de-France,62512.67,279,265,224.06,22,24,1319.02,8007.79,30221.93,18953.77,3303.25
M00581,SportZone 581,Sports,Hauts-de-France,62478.08,197,187,317.15,43,25,3373.82,8822.85,25616.61,20184.29,4661.43
M00172,FashionStore 172,Clothing,Hauts-de-France,56060.49,318,290,176.29,26,26,1709.84,7210.11,24669.38,18771.51,3829.96
M00533,ToyLand 533,Toys,Hauts-de-France,49765.78,419,378,118.77,1,27,1010.25,5431.15,22356.74,17710.39,2956.05
M00534,HealthShop 534,Health,Hauts-de-France,45494.09,231,207,196.94,6,28,2524.92,7206.89,18720.2,14370.62,2510.58
M00399,BeautyWorld 399,Beauty,Hauts-de-France,39402.32,319,294,123.52,2,29,1568.21,5842.75,19897.77,9500.39,2793.13
M00467,SportZone 467,Sports,Hauts-de-France,38326.88,113,104,339.18,49,30,973.5,6475.3,17546.59,11359.82,1707.24
M00492,CosmeticHub 492,Beauty,Hauts-de-France,36226.79,299,280,121.16,6,31,2756.86,4620.32,14398.64,15083.61,1432.74
M00046,HealthHub 46,Health,Hauts-de-France,36170.76,255,238,141.85,18,32,3074.51,4175.49,15623.32,12813.39,2579.03
M00350,HealthShop 350,Health,Hauts-de-France,33397.3,233,225,143.34,22,33,1509.56,3764.24,14868.41,10715.44,2171.32
M00117,ToyHub 117,Toys,Hauts-de-France,30996.64,262,247,118.31,11,34,2582.02,4877.49,14450.51,8959.74,1789.53
M00363,BeautyCorner 363,Beauty,Hauts-de-France,27017.26,205,203,131.79,13,35,872.66,3609.05,12443.48,8325.32,1704.41
M00493,VitalShop 493,Health,Hauts-de-France,22411.73,109,105,205.61,48,36,674.59,2775.74,10826.06,6625.19,1166.43
M00426,GlowShop 426,Beauty,Hauts-de-France,21606.1,187,178,115.54,28,37,2087.15,2919.15,8008.52,9383.63,872.73
M00150,PlayShop 150,Toys,Hauts-de-France,20555.7,212,202,96.96,35,38,489.23,2941.38,10570.26,5556.14,1042.81
M00516,ToyLand 516,Toys,Hauts-de-France,19579.92,239,222,81.92,40,39,561.94,2227.98,8081.1,7844.79,896.24
M00430,PlayShop 430,Toys,Hauts-de-France,19514.96,241,230,80.97,41,40,1465.57,4185.9,6725.39,7551.39,776.66
M00261,BeautyCorner 261,Beauty,Hauts-de-France,19476.17,181,174,107.6,36,41,1273.74,2263.13,8215.42,7094.65,981.82
M00311,CosmeticHub 311,Beauty,Hauts-de-France,19029.95,185,178,102.86,38,42,525.23,3431.11,8829.0,5721.22,702.18
M00381,FreshMarket 381,Food,Hauts-de-France,18797.92,270,256,69.62,12,43,281.97,3321.66,7376.02,6516.05,930.56
M00577,LibraryShop 577,Books,Hauts-de-France,17686.46,333,315,53.11,1,44,627.87,2519.25,6958.1,7202.9,684.91
M00290,HealthShop 290,Health,Hauts-de-France,16930.7,140,132,120.93,58,45,333.53,1085.67,8892.71,6018.01,641.36
M00574,PlayShop 574,Toys,Hauts-de-France,15282.66,182,170,83.97,52,46,602.14,2083.57,5626.72,5598.12,855.39
M00062,GlowShop 62,Beauty,Hauts-de-France,13446.53,113,112,119.0,58,47,1008.49,2350.53,6229.56,3597.82,1079.75
M00073,ToyHub 73,Toys,Hauts-de-France,11688.93,142,139,82.32,56,48,406.77,1778.06,4920.7,4021.72,583.14
M00326,FoodHub 326,Food,Hauts-de-France,11606.91,149,147,77.9,40,49,1156.05,1785.98,4345.31,4395.72,476.07
M00265,GlowShop 265,Beauty,Hauts-de-France,10923.62,160,148,68.27,64,50,859.69,1122.96,6327.07,3013.83,205.01
M00394,LibraryShop 394,Books,Hauts-de-France,5973.32,141,137,42.36,52,51,575.23,1077.46,2615.13,1884.04,376.89
M00582,BookHaven 582,Books,Hauts-de-France,4781.34,102,100,46.88,59,52,300.75,1066.54,2198.16,1348.41,117.05
M00287,GourmetShop 287,Food,Hauts-de-France,4641.36,138,131,33.63,56,53,214.89,707.47,2062.94,1436.77,346.04
M00118,BookHaven 118,Books,Hauts-de-France,4279.88,98,97,43.67,62,54,371.49,400.14,2048.76,1382.42,171.59
M00559,ElectroWorld 559,Electronics,Ile-de-France,545775.86,254,235,2148.72,3,1,25542.31,64220.11,265015.12,177711.1,17490.83
M00160,AutoCenter 160,Automotive,Ile-de-France,464495.11,360,325,1290.26,1,2,29820.59,48905.59,235010.55,148536.56,17041.45
M00166,TechStore 166,Electronics,Ile-de-France,442091.83,381,353,1160.35,8,3,22237.22,85448.48,169518.24,149947.43,23236.68
M00197,TechStore 197,Electronics,Ile-de-France,376116.99,255,241,1474.97,16,4,18316.9,38868.34,181878.27,127307.91,12923.05
M00529,GadgetShop 529,Electronics,Ile-de-France,364721.13,288,273,1266.39,17,5,29615.36,70461.73,133064.9,147031.28,5351.37
M00099,AutoCenter 99,Automotive,Ile-de-France,362909.62,326,303,1113.22,5,6,24097.2,35495.56,169916.58,123869.49,24051.98
M00507,GadgetShop 507,Electronics,Ile-de-France,362858.26,320,294,1133.93,19,7,27903.8,62619.18,153874.32,128197.38,10316.02
M00206,DigitalHub 206,Electronics,Ile-de-France,358782.78,237,219,1513.85,20,8,16432.25,32846.63,156164.01,145173.7,11791.66
M00317,AutoShop 317,Automotive,Ile-de-France,322341.2,269,246,1198.29,10,9,9702.47,42170.59,137372.01,119831.63,16348.6
M00407,MotorHub 407,Automotive,Ile-de-France,311916.1,229,213,1362.08,13,10,17748.03,35938.05,130976.34,116821.49,21678.51
M00539,AutoShop 539,Automotive,Ile-de-France,307521.61,216,206,1423.71,16,11,15345.33,29685.86,130012.46,115368.1,18364.5
M00224,MotorHub 224,Automotive,Ile-de-France,280534.73,254,240,1104.47,19,12,18122.54,30787.61,146000.32,86930.88,9568.26
M00223,AutoShop 223,Automotive,Ile-de-France,258177.9,252,243,1024.52,22,13,21506.22,36742.93,110834.29,97481.18,10722.29
M00216,AutoShop 216,Automotive,Ile-de-France,248721.36,264,246,942.13,24,14,23777.76,21832.35,146499.41,59480.03,9110.11
M00042,AutoShop 42,Automotive,Ile-de-France,236580.66,183,172,1292.79,26,15,12254.88,18727.12,110380.02,78819.63,17303.24
M00292,GadgetShop 292,Electronics,Ile-de-France,223779.05,129,126,1734.72,39,16,2976.26,25839.06,104221.24,75511.57,11492.35
M00191,MotorHub 191,Automotive,Ile-de-France,219528.67,180,177,1219.6,30,17,13018.05,22681.58,102478.74,75065.56,11641.24
M00102,HomeStyle 102,Home & Garden,Ile-de-France,216282.51,476,427,454.38,6,18,17086.32,26110.04,91636.14,81343.48,12570.75
M00351,GadgetShop 351,Electronics,Ile-de-France,203699.1,156,149,1305.76,45,19,12568.23,33736.74,111253.65,50572.01,7658.36
M00168,TechStore 168,Electronics,Ile-de-France,184909.85,115,112,1607.91,48,20,3365.36,16848.79,95812.58,65009.12,5235.28
M00505,MotorHub 505,Automotive,Ile-de-France,181145.39,286,261,633.38,38,21,16955.21,16372.78,79065.09,70451.3,10181.92
M00170,ElectroWorld 170,Electronics,Ile-de-France,180433.49,134,132,1346.52,51,22,13189.69,29819.18,79245.56,52221.32,15027.84
M00151,DecorShop 151,Home & Garden,Ile-de-France,172529.64,347,314,497.2,16,23,3157.29,23917.53,89188.78,52988.31,2355.8
M00500,HomeStyle 500,Home & Garden,Ile-de-France,169388.37,295,276,574.2,18,24,8333.91,29714.96,59627.07,65888.86,7379.5
M00513,HomeStyle 513,Home & Garden,Ile-de-France,157055.42,330,301,475.93,20,25,5952.4,25333.44,79110.21,37392.5,12125.67
M00393,SportHub 393,Sports,Ile-de-France,152910.76,353,323,433.17,4,26,15138.17,14945.89,60810.81,65245.62,8652.54
M00370,MotorHub 370,Automotive,Ile-de-France,143674.38,146,138,984.07,46,27,7471.07,19612.36,68572.96,44396.45,7612.53
M00018,CarParts 18,Automotive,Ile-de-France,129754.72,149,143,870.84,51,28,11600.07,11521.95,62260.96,44799.04,9311.88
M00270,FashionStore 270,Clothing,Ile-de-France,118971.17,490,432,242.8,1,29,9113.19,23615.7,46763.74,38576.27,7234.32
M00383,ActiveWear 383,Sports,Ile-de-France,118485.01,331,300,357.96,13,30,8625.71,18431.74,52499.95,38274.77,5511.92
M00461,SportHub 461,Sports,Ile-de-France,107656.72,288,270,373.81,18,31,4424.69,8194.19,48330.07,43250.95,5601.22
M00133,DecorShop 133,Home & Garden,Ile-de-France,107375.76,233,224,460.84,42,32,1148.92,10920.74,46394.21,41065.0,6296.59
M00004,CarParts 4,Automotive,Ile-de-France,103937.1,135,132,769.9,54,33,9375.13,17521.44,40917.78,24577.32,11432.59
M00092,SportHub 92,Sports,Ile-de-France,101556.21,316,294,321.38,22,34,9932.2,11253.85,42857.16,37883.48,6316.24
M00469,SportZone 469,Sports,Ile-de-France,93191.18,276,256,337.65,26,35,6104.02,10685.75,41287.2,30479.92,5456.83
M00586,FitnessShop 586,Sports,Ile-de-France,87833.43,253,237,347.17,30,36,1212.1,8189.09,32737.73,37592.33,5325.8
M00377,ClothingHub 377,Clothing,Ile-de-France,85278.77,387,356,220.36,7,37,6447.08,11308.59,43398.43,23266.74,4560.69
M00397,ActiveWear 397,Sports,Ile-de-France,83249.53,276,260,301.63,34,38,2122.86,10443.74,35306.03,31528.22,3716.82
M00440,ClothingHub 440,Clothing,Ile-de-France,81781.73,345,325,237.05,9,39,4367.14,12716.53,36079.34,26579.19,4404.19
M00236,SportZone 236,Sports,Ile-de-France,79641.48,218,200,365.33,36,40,7064.2,12152.57,31952.07,27526.19,6381.88
M00267,SportZone 267,Sports,Ile-de-France,79096.1,230,218,343.9,37,41,5489.27,10957.45,38774.39,24057.17,3441.0
M00364,FitnessShop 364,Sports,Ile-de-France,75360.92,243,230,310.13,39,42,926.94,11036.35,32921.98,25724.61,3603.94
M00276,StyleShop 276,Clothing,Ile-de-France,72694.46,372,333,195.42,14,43,1999.1,7753.23,37092.31,21815.87,3431.2
M00384,StyleShop 384,Clothing,Ile-de-France,70270.32,337,311,208.52,17,44,6141.63,9347.97,28944.24,23813.51,7305.84
M00558,ClothingHub 558,Clothing,Ile-de-France,68855.2,308,291,223.56,18,45,6789.12,8433.93,34127.43,20173.24,3630.69
M00260,TrendyWear 260,Clothing,Ile-de-France,66993.75,323,294,207.41,19,46,3677.96,10752.06,30256.28,19164.81,4836.88
M00162,TrendyWear 162,Clothing,Ile-de-France,65960.19,359,334,183.73,20,47,3067.15,9506.01,30216.84,22001.85,2981.94
M00340,SportZone 340,Sports,Ile-de-France,57961.32,236,226,245.6,44,48,1698.27,8411.22,25708.57,16361.92,5505.62
M00585,StyleShop 585,Clothing,Ile-de-France,56971.89,352,327,161.85,25,49,1105.25,6320.7,25624.68,21459.2,2235.2
M00325,StyleShop 325,Clothing,Ile-de-France,51220.88,238,222,215.21,30,50,706.85,8415.68,21560.6,15997.14,3082.89
M00594,SportZone 594,Sports,Ile-de-France,50245.79,137,131,366.76,47,51,1105.41,8132.83,22255.56,13196.92,3523.33
M00434,ClothingHub 434,Clothing,Ile-de-France,46957.85,201,190,233.62,32,52,835.85,6384.88,21345.59,14958.55,3455.76
M00372,ClothingHub 372,Clothing,Ile-de-France,44296.65,262,245,169.07,33,53,3229.23,3794.51,18149.5,17631.36,3506.9
M00565,ClothingHub 565,Clothing,Ile-de-France,43339.72,237,222,182.87,34,54,1716.25,4123.88,22244.18,13575.46,1299.86
M00075,HealthHub 75,Health,Ile-de-France,40697.55,180,173,226.1,9,55,1908.72,4374.42,12553.18,7485.84,809.12
M00095,VitalShop 95,Health,Ile-de-France,39553.99,243,227,162.77,10,56,3267.16,3664.48,17262.5,13783.37,2353.62
M00259,ClothingHub 259,Clothing,Ile-de-France,38899.75,251,236,154.98,38,57,3835.52,4268.31,15654.76,13362.17,5351.1
M00193,ToyLand 193,Toys,Ile-de-France,38884.0,397,358,97.94,5,58,742.68,6411.59,15798.74,12677.07,2424.67
M00249,BeautyWorld 249,Beauty,Ile-de-France,38741.35,255,246,151.93,3,59,1173.86,5252.12,16227.71,11900.53,3984.97
M00003,VitalShop 3,Health,Ile-de-France,38693.72,216,199,179.14,11,60,669.4,7211.99,16881.86,10668.85,2197.68
M00079,StyleShop 79,Clothing,Ile-de-France,37028.45,180,171,205.71,39,61,1681.09,6728.94,17864.14,10780.68,896.55
M00474,BeautyWorld 474,Beauty,Ile-de-France,36351.97,296,273,122.81,5,62,2788.2,7011.89,16363.47,10458.68,1303.1
M00591,ToyLand 591,Toys,Ile-de-France,35037.41,236,217,148.46,7,63,3486.22,3529.38,12570.93,16485.99,1741.74
M00462,CosmeticHub 462,Beauty,Ile-de-France,32977.12,234,224,140.93,9,64,2836.03,4932.43,13087.73,11711.6,1654.84
M00453,HealthHub 453,Health,Ile-de-France,31988.66,166,152,192.7,24,65,2571.89,4379.72,15362.16,10611.9,1153.56
M00468,StyleShop 468,Clothing,Ile-de-France,31745.74,190,179,167.08,40,66,3152.35,4013.08,14217.12,10760.05,1830.82
M00106,VitalShop 106,Health,Ile-de-France,31446.44,198,186,158.82,28,67,2459.11,4054.2,14272.7,10301.35,1893.77
M00553,TrendyWear 553,Clothing,Ile-de-France,30971.96,190,182,163.01,42,68,1852.12,4093.89,12746.63,10349.08,3484.35
M00318,HealthShop 318,Health,Ile-de-France,29773.05,192,180,155.07,32,69,458.5,2562.83,11455.41,12741.85,1823.4
M00560,VitalShop 560,Health,Ile-de-France,29379.44,246,232,119.43,34,70,2652.96,5941.55,12554.91,8351.98,2018.64
M00408,ToyLand 408,Toys,Ile-de-France,28235.0,272,250,103.81,16,71,1157.64,3589.78,12911.63,9135.87,1844.44
M00595,HealthShop 595,Health,Ile-de-France,27366.47,198,189,138.21,37,72,1018.03,4336.32,11608.48,9759.49,735.93
M00373,VitalShop 373,Health,Ile-de-France,27252.41,209,199,130.39,38,73,498.72,2230.57,9660.59,12763.19,1290.19
M00031,CosmeticHub 31,Beauty,Ile-de-France,26134.74,236,220,110.74,15,74,512.24,3639.8,12175.32,8179.57,897.22
M00334,BeautyCorner 334,Beauty,Ile-de-France,25833.72,282,267,91.61,16,75,503.76,2863.96,11719.69,8531.67,1638.5
M00178,WellnessStore 178,Health,Ile-de-France,25695.58,158,152,162.63,40,76,1528.89,2787.49,10717.27,9642.72,1874.88
M00109,BeautyWorld 109,Beauty,Ile-de-France,23391.53,194,180,120.57,22,77,2280.67,1871.12,10059.01,8582.79,553.3
M00085,CosmeticHub 85,Beauty,Ile-de-France,23175.17,166,162,139.61,23,78,887.61,1363.57,8984.34,11626.38,904.55
M00161,CosmeticHub 161,Beauty,Ile-de-France,21662.83,228,214,95.01,27,79,935.83,2017.97,11241.39,6474.92,1026.37
M00414,BeautyCorner 414,Beauty,Ile-de-France,21436.18,220,211,97.44,29,80,235.8,3096.9,8509.42,7435.1,1844.41
M00445,FoodHub 445,Food,Ile-de-France,20770.14,271,253,76.64,9,81,1620.07,3569.04,9594.08,5729.35,1083.33
M00550,VitalShop 550,Health,Ile-de-France,20703.63,130,123,159.26,51,82,648.02,3701.24,7397.75,8054.83,527.24
M00027,GlowShop 27,Beauty,Ile-de-France,20423.35,178,168,114.74,32,83,780.17,2852.78,6834.36,8604.39,1197.39
M00523,GlowShop 523,Beauty,Ile-de-France,20216.94,202,188,100.08,34,84,1673.96,3048.38,8615.79,7090.35,677.25
M00108,HealthHub 108,Health,Ile-de-France,19994.74,161,155,124.19,53,85,1445.62,2862.83,7899.15,7145.87,1122.24
M00221,GourmetShop 221,Food,Ile-de-France,19785.42,269,250,73.55,11,86,1284.07,3027.38,8390.01,7037.03,804.61
M00111,ToyLand 111,Toys,Ile-de-France,19632.63,217,204,90.47,38,87,1855.28,3707.45,6658.42,6964.67,1836.7
M00431,GlowShop 431,Beauty,Ile-de-France,18915.17,146,139,129.56,39,88,1708.04,3064.48,9392.17,4722.11,1269.91
M00025,GourmetShop 25,Food,Ile-de-France,18654.89,296,273,63.02,13,89,943.94,1782.82,7394.09,6691.67,2361.3
M00288,BeautyWorld 288,Beauty,Ile-de-France,17345.3,194,183,89.41,45,90,258.44,2805.33,7652.44,6127.42,464.19
M00077,KidsWorld 77,Toys,Ile-de-France,17233.43,159,152,108.39,47,91,751.38,2320.82,6605.42,5544.73,2415.9
M00126,FoodHub 126,Food,Ile-de-France,17221.04,304,287,56.65,18,92,1436.23,2554.52,7359.84,6140.85,845.78
M00043,ToyHub 43,Toys,Ile-de-France,16919.56,159,149,106.41,48,93,959.34,2669.5,4834.99,7848.22,1185.74
M00567,FreshMarket 567,Food,Ile-de-France,16408.71,229,220,71.65,20,94,344.58,2364.02,6651.94,5094.43,1678.77
M00250,GlowShop 250,Beauty,Ile-de-France,15587.84,126,122,123.71,50,95,428.67,1410.89,6934.79,6223.72,459.02
M00569,VitalShop 569,Health,Ile-de-France,15580.92,116,114,134.32,61,96,1478.63,2082.13,6534.98,5921.05,862.79
M00576,ReadMore 576,Books,Ile-de-France,15579.09,307,288,50.75,3,97,414.4,1453.29,7373.21,5344.13,1154.68
M00185,GourmetShop 185,Food,Ile-de-France,15436.98,198,190,77.96,24,98,160.54,2190.82,7287.64,4912.4,701.5
M00331,HealthShop 331,Health,Ile-de-France,14413.83,83,82,173.66,63,99,980.14,2875.97,8721.72,2409.85,327.7
M00271,BeautyCorner 271,Beauty,Ile-de-France,12722.46,146,141,87.14,61,100,1160.29,1569.38,6667.92,3556.26,485.62
M00238,ReadMore 238,Books,Ile-de-France,12418.72,278,256,44.67,9,101,1208.34,1555.82,5888.0,4000.56,748.51
M00107,BookHaven 107,Books,Ile-de-France,11203.15,270,252,41.49,14,102,322.65,1265.8,4384.72,4359.6,648.93
M00169,BookHaven 169,Books,Ile-de-France,10551.59,251,239,42.04,21,103,692.18,1206.08,4766.82,3331.28,826.38
M00179,FoodMart 179,Food,Ile-de-France,10549.27,148,143,71.28,43,104,767.99,1471.7,5063.09,3562.58,301.77
M00506,BookCorner 506,Books,Ile-de-France,10268.47,215,205,47.76,22,105,597.62,1587.74,5040.13,3267.54,239.63
M00391,BookHaven 391,Books,Ile-de-France,10135.87,211,195,48.04,25,106,799.72,1279.22,4542.85,3140.65,761.27
M00088,FoodHub 88,Food,Ile-de-France,10110.74,171,157,59.13,44,107,398.36,1712.37,3704.63,3381.49,612.15
M00536,FreshMarket 536,Food,Ile-de-France,9331.76,119,114,78.42,47,108,231.43,1042.89,4486.34,3049.42,390.95
M00045,BookCorner 45,Books,Ile-de-France,9318.48,247,232,37.73,34,109,171.46,1511.58,3716.17,3733.87,195.1
M00214,ReadMore 214,Books,Ile-de-France,8066.1,185,173,43.6,46,110,425.89,1584.83,3352.39,2418.5,412.36
M00014,ReadMore 14,Books,Ile-de-France,7552.28,123,118,61.4,47,111,676.68,1346.03,3636.17,2192.17,343.14
M00299,ReadMore 299,Books,Ile-de-France,7162.98,114,111,62.83,48,112,657.56,1160.28,2756.25,2652.35,357.68
M00302,GourmetShop 302,Food,Ile-de-France,7148.73,108,105,66.19,54,113,289.52,1282.18,2866.16,2719.71,107.73
M00380,FreshMarket 380,Food,Ile-de-France,7006.4,169,165,41.46,55,114,489.05,1158.81,3033.22,2362.0,315.94
M00053,BookHaven 53,Books,Ile-de-France,5585.74,118,114,47.34,54,115,184.89,838.65,2686.29,1961.02,99.78
M00063,BookCorner 63,Books,Ile-de-France,4718.64,110,109,42.9,60,116,100.51,283.42,2520.79,1550.54,303.28
M00300,FoodHub 300,Food,Ile-de-France,4277.78,124,122,34.5,58,117,426.92,496.57,1669.4,1791.88,209.2
M00272,FoodHub 272,Food,Ile-de-France,4217.11,93,89,45.35,59,118,327.25,474.75,2194.05,1103.43,155.5
M00454,BeautyCorner 454,Beauty,Ile-de-France,3968.61,112,109,35.43,67,119,271.85,678.4,1555.98,1310.61,355.17
M00080,CosmeticHub 80,Beauty,Ile-de-France,2449.95,27,27,90.74,68,120,55.86,351.06,1010.53,1088.36,0.0
M00266,ElectroWorld 266,Electronics,Normandie,409816.93,192,180,2134.46,11,1,6024.31,38487.14,168934.71,148400.09,47872.48
M00575,DigitalHub 575,Electronics,Normandie,314721.44,200,193,1573.61,24,2,16208.15,63702.32,124938.13,101907.21,15408.56
M00149,DigitalHub 149,Electronics,Normandie,297984.0,271,251,1099.57,26,3,18117.43,27083.02,156077.89,96284.44,11425.35
M00557,GadgetShop 557,Electronics,Normandie,224820.9,146,139,1539.87,38,4,15063.0,17604.23,134207.6,65499.31,6047.17
M00264,DecorShop 264,Home & Garden,Normandie,209978.06,364,336,576.86,8,5,12577.69,23000.89,113560.69,63484.58,5476.26
M00556,ElectroWorld 556,Electronics,Normandie,180974.25,139,131,1301.97,50,6,3691.87,18097.4,77008.29,75379.87,4702.67
M00255,AutoCenter 255,Automotive,Normandie,161429.28,152,146,1062.03,44,7,3825.87,19816.7,71701.12,54743.32,8825.69
M00345,GadgetShop 345,Electronics,Normandie,160993.35,175,170,919.96,55,8,5763.56,17677.76,74491.81,53612.35,8632.99
M00446,DecorShop 446,Home & Garden,Normandie,156221.81,344,321,454.13,21,9,8420.36,23443.88,64484.25,57239.45,7587.71
M00596,HomeCenter 596,Home & Garden,Normandie,152336.49,233,220,653.8,22,10,2300.28,18863.57,80446.14,42700.14,7203.11
M00082,ActiveWear 82,Sports,Normandie,150293.55,460,424,326.73,5,11,5500.74,14724.1,68780.34,53410.8,7254.34
M00458,DecorShop 458,Home & Garden,Normandie,145856.04,260,247,560.98,25,12,11260.09,19816.4,58512.93,54252.5,7273.52
M00555,DigitalHub 555,Electronics,Normandie,133950.1,114,109,1175.0,60,13,2330.73,22166.54,56934.63,47632.06,3468.09
M00451,SportZone 451,Sports,Normandie,102994.15,246,224,418.68,19,14,2945.63,12528.79,45381.3,38232.4,3839.83
M00541,HomeStyle 541,Home & Garden,Normandie,95286.25,171,165,557.23,43,15,1810.44,12607.78,35055.27,35203.75,9277.79
M00356,SportHub 356,Sports,Normandie,81394.24,157,147,518.43,35,16,4183.66,12655.33,30224.59,30806.31,3984.55
M00237,TrendyWear 237,Clothing,Normandie,51281.71,293,281,175.02,29,17,4179.46,7088.54,24810.21,14727.65,2699.73
M00011,FitnessShop 11,Sports,Normandie,47837.48,123,120,388.92,48,18,1592.99,6273.73,18751.2,18639.51,2700.58
M00139,VitalShop 139,Health,Normandie,29253.26,193,189,151.57,35,19,848.34,3362.24,14526.9,8376.1,2191.86
M00086,FoodHub 86,Food,Normandie,23163.23,336,309,68.94,4,20,1304.09,2667.66,9231.48,8944.96,1088.98
M00457,ToyLand 457,Toys,Normandie,23021.04,237,225,97.14,28,21,1523.99,3054.89,9792.15,8218.74,1364.43
M00234,FoodMart 234,Food,Normandie,22425.04,373,338,60.12,6,22,2164.02,2414.26,9756.72,8198.61,1083.71
M00371,HealthHub 371,Health,Normandie,20936.19,153,142,136.84,50,23,933.75,2990.09,11155.48,6131.25,456.16
M00274,PlayShop 274,Toys,Normandie,19413.51,215,204,90.3,42,24,1256.05,2024.98,9692.82,5797.93,1238.29
M00542,ToyLand 542,Toys,Normandie,18702.76,153,147,122.24,44,25,626.54,1235.87,8686.45,7357.06,738.59
M00517,VitalShop 517,Health,Normandie,18511.33,120,116,154.26,55,26,1203.24,2417.48,8590.95,6909.12,392.05
M00521,HealthHub 521,Health,Normandie,16540.83,97,95,170.52,59,27,368.86,2160.5,7183.9,6417.39,581.77
M00218,BookCorner 218,Books,Normandie,15987.57,339,322,47.16,2,28,268.59,2145.21,7529.24,5249.99,558.89
M00019,VitalShop 19,Health,Normandie,15540.94,118,111,131.7,62,29,519.07,1584.14,5076.99,6909.19,997.22
M00376,FoodMart 376,Food,Normandie,15208.87,271,260,56.12,25,30,939.91,2090.52,7567.26,4382.53,817.59
M00245,FreshMarket 245,Food,Normandie,14822.56,230,221,64.45,26,31,406.14,2385.32,6436.46,4837.95,710.63
M00496,VitalShop 496,Health,Normandie,12577.43,127,122,99.03,67,32,1174.73,1933.08,6114.05,4002.58,128.6
M00090,BookHaven 90,Books,Normandie,11339.82,216,206,52.5,13,33,237.0,960.98,5721.74,3475.27,827.45
M00338,BookHaven 338,Books,Normandie,10956.97,259,244,42.3,16,34,702.34,1594.77,4232.59,3984.91,688.26
M00543,LibraryShop 543,Books,Normandie,5243.36,109,109,48.1,56,35,437.3,694.77,2057.83,1949.93,365.67
M00158,ElectroWorld 158,Electronics,Nouvelle-Aquitaine,441831.29,287,263,1539.48,9,1,5787.99,47422.46,230334.03,124807.7,22935.89
M00593,DigitalHub 593,Electronics,Nouvelle-Aquitaine,399506.68,249,240,1604.44,13,2,11745.5,45829.4,182479.53,142824.57,14913.65
M00054,ElectroWorld 54,Electronics,Nouvelle-Aquitaine,327574.16,229,214,1430.45,22,3,3734.35,64889.16,120662.66,119619.51,11668.74
M00335,AutoShop 335,Automotive,Nouvelle-Aquitaine,321220.89,237,222,1355.36,11,4,4432.85,72604.92,130793.45,99482.87,12429.36
M00041,AutoCenter 41,Automotive,Nouvelle-Aquitaine,306014.0,285,257,1073.73,17,5,5232.84,40927.72,142314.92,95058.64,12233.39
M00084,ElectroWorld 84,Electronics,Nouvelle-Aquitaine,290611.66,210,201,1383.87,27,6,23103.63,45771.27,125583.06,96180.42,13469.58
M00298,GadgetShop 298,Electronics,Nouvelle-Aquitaine,276296.64,191,182,1446.58,30,7,21551.14,38178.44,131405.77,89864.3,8912.68
M00476,TechStore 476,Electronics,Nouvelle-Aquitaine,269854.01,192,182,1405.49,32,8,23612.23,40945.91,121968.56,80360.43,17674.65
M00336,TechStore 336,Electronics,Nouvelle-Aquitaine,267108.7,133,127,2008.34,33,9,6437.32,67583.01,106594.48,82254.85,7517.11
M00183,CarParts 183,Automotive,Nouvelle-Aquitaine,263666.2,310,290,850.54,20,10,20117.73,36324.94,124231.29,82027.34,17617.77
M00087,GadgetShop 87,Electronics,Nouvelle-Aquitaine,226541.12,149,142,1520.41,37,11,6682.96,14996.6,104660.91,92726.11,10317.39
M00442,GardenWorld 442,Home & Garden,Nouvelle-Aquitaine,225611.06,375,342,601.63,4,12,6475.04,40087.04,79662.2,89543.96,10093.87
M00456,AutoShop 456,Automotive,Nouvelle-Aquitaine,197085.2,221,208,891.79,35,13,3192.78,42430.8,86137.63,60955.36,3287.62
M00466,TechStore 466,Electronics,Nouvelle-Aquitaine,184879.48,88,86,2100.9,49,14,7561.57,18276.8,88667.49,54762.39,15251.69
M00337,DecorShop 337,Home & Garden,Nouvelle-Aquitaine,182520.61,360,334,507.0,14,15,13616.04,35183.61,73242.1,63895.82,6978.47
M00143,MotorHub 143,Automotive,Nouvelle-Aquitaine,175368.32,232,220,755.9,40,16,9276.98,31148.51,81199.3,51075.1,7687.23
M00488,DecorShop 488,Home & Garden,Nouvelle-Aquitaine,170001.97,408,373,416.67,17,17,11594.13,19371.36,82154.15,55905.82,9878.22
M00526,CarParts 526,Automotive,Nouvelle-Aquitaine,141498.17,156,143,907.04,48,18,2688.47,14281.95,76344.54,38878.29,8434.81
M00428,HomeCenter 428,Home & Garden,Nouvelle-Aquitaine,124722.49,274,258,455.19,35,19,6061.51,26954.64,45778.27,44752.18,5083.25
M00295,AutoCenter 295,Automotive,Nouvelle-Aquitaine,123685.99,185,179,668.57,52,20,2127.4,16610.09,53666.06,34858.98,14277.11
M00382,AutoShop 382,Automotive,Nouvelle-Aquitaine,122936.49,199,190,617.77,53,21,4782.23,15660.01,50970.37,37859.01,14131.85
M00064,HomeCenter 64,Home & Garden,Nouvelle-Aquitaine,115624.21,210,201,550.59,37,22,2474.36,17737.32,56589.47,32563.58,6810.7
M00309,GardenWorld 309,Home & Garden,Nouvelle-Aquitaine,108453.78,219,208,495.22,41,23,10520.02,16545.51,46270.58,35282.3,7645.48
M00101,AutoCenter 101,Automotive,Nouvelle-Aquitaine,96765.25,131,126,738.67,55,24,5757.53,16325.17,39852.34,35138.46,5427.97
M00146,SportZone 146,Sports,Nouvelle-Aquitaine,89663.3,300,277,298.88,27,25,2949.92,8774.82,44789.62,29525.39,4330.71
M00140,TrendyWear 140,Clothing,Nouvelle-Aquitaine,58507.98,289,271,202.45,24,26,4159.92,6677.16,26228.09,21797.16,3066.07
M00482,SportZone 482,Sports,Nouvelle-Aquitaine,53050.13,203,194,261.33,46,27,1278.51,7276.67,21882.32,19776.37,3276.52
M00009,VitalShop 9,Health,Nouvelle-Aquitaine,49542.25,306,283,161.9,4,28,3106.3,8052.15,19249.65,15311.76,1552.44
M00096,StyleShop 96,Clothing,Nouvelle-Aquitaine,48878.53,292,273,167.39,31,29,4022.7,7446.9,22100.24,15971.43,2558.38
M00135,CosmeticHub 135,Beauty,Nouvelle-Aquitaine,44045.2,249,234,176.89,1,30,2158.21,5624.68,22065.17,13132.21,2217.9
M00333,ToyHub 333,Toys,Nouvelle-Aquitaine,40325.85,329,309,122.57,4,31,2560.69,6191.05,15667.1,14856.44,2485.07
M00230,HealthShop 230,Health,Nouvelle-Aquitaine,38198.83,319,294,119.75,13,32,534.78,5043.59,16260.43,14086.58,1830.53
M00186,GlowShop 186,Beauty,Nouvelle-Aquitaine,36448.66,332,308,109.79,4,33,1191.87,4051.02,16568.93,12089.51,1919.67
M00240,WellnessStore 240,Health,Nouvelle-Aquitaine,35849.89,270,249,132.78,19,34,842.47,3789.66,15712.12,13377.39,1273.53
M00187,HealthHub 187,Health,Nouvelle-Aquitaine,31987.64,230,223,139.08,25,35,2120.78,2643.36,15060.13,12418.37,790.29
M00103,WellnessStore 103,Health,Nouvelle-Aquitaine,31787.15,211,198,150.65,26,36,1261.95,4596.84,13717.54,11363.81,1115.11
M00410,ToyHub 410,Toys,Nouvelle-Aquitaine,30666.42,225,215,136.3,12,37,1370.79,4004.14,16077.9,9189.1,674.6
M00600,BeautyWorld 600,Beauty,Nouvelle-Aquitaine,27811.53,288,276,96.57,11,38,1104.12,3982.66,11994.82,9837.99,1495.85
M00405,BeautyWorld 405,Beauty,Nouvelle-Aquitaine,26686.6,210,200,127.08,14,39,1521.14,3703.23,12761.87,8471.3,1022.52
M00228,PlayShop 228,Toys,Nouvelle-Aquitaine,25422.47,266,250,95.57,24,40,1118.59,2841.0,9366.38,10917.87,1238.05
M00098,GourmetShop 98,Food,Nouvelle-Aquitaine,24642.88,355,333,69.42,1,41,507.64,3972.49,12035.83,7055.11,811.79
M00425,HealthShop 425,Health,Nouvelle-Aquitaine,24442.69,112,106,218.24,42,42,1373.68,3465.64,9625.69,8712.56,960.06
M00016,GlowShop 16,Beauty,Nouvelle-Aquitaine,24416.66,179,173,136.41,17,43,2436.78,2498.83,10985.25,8677.25,1321.62
M00281,BeautyCorner 281,Beauty,Nouvelle-Aquitaine,24236.1,255,237,95.04,18,44,504.11,4168.44,10279.32,8199.59,668.08
M00552,FoodMart 552,Food,Nouvelle-Aquitaine,23881.28,400,356,59.7,3,45,2017.97,3722.02,11047.62,7338.22,925.91
M00222,BeautyCorner 222,Beauty,Nouvelle-Aquitaine,23843.98,223,212,106.92,19,46,2067.27,2736.02,8343.05,9318.74,1642.76
M00483,WellnessStore 483,Health,Nouvelle-Aquitaine,23704.73,239,230,99.18,44,47,1986.46,2090.81,10967.52,9330.93,789.44
M00470,GourmetShop 470,Food,Nouvelle-Aquitaine,23090.78,349,322,66.16,5,48,2045.84,2599.33,10307.76,8073.89,731.32
M00246,KidsWorld 246,Toys,Nouvelle-Aquitaine,21468.51,196,182,109.53,34,49,358.52,3286.22,10788.16,5620.91,1054.87
M00113,HealthHub 113,Health,Nouvelle-Aquitaine,19807.22,158,144,125.36,54,50,1279.55,2009.67,9916.25,4914.61,872.56
M00479,CosmeticHub 479,Beauty,Nouvelle-Aquitaine,19076.9,194,183,98.33,37,51,440.68,2468.67,7990.89,7580.36,895.04
M00202,ToyLand 202,Toys,Nouvelle-Aquitaine,18027.09,187,175,96.4,45,52,876.12,3068.62,7277.16,6197.97,880.92
M00344,BeautyCorner 344,Beauty,Nouvelle-Aquitaine,17968.61,164,158,109.56,43,53,646.87,3438.98,6696.4,5507.77,1613.15
M00239,BeautyWorld 239,Beauty,Nouvelle-Aquitaine,16137.82,205,194,78.72,49,54,700.38,3407.37,7502.12,3694.73,1047.04
M00501,CosmeticHub 501,Beauty,Nouvelle-Aquitaine,15263.43,131,130,116.51,52,55,1176.81,1954.47,6173.53,5753.0,680.24
M00495,KidsWorld 495,Toys,Nouvelle-Aquitaine,14259.96,170,165,83.88,53,56,627.44,1959.4,7088.02,4009.89,688.6
M00211,FoodMart 211,Food,Nouvelle-Aquitaine,13996.9,268,245,52.23,31,57,327.53,1627.38,5923.66,4877.83,868.27
M00528,ToyHub 528,Toys,Nouvelle-Aquitaine,13680.13,132,130,103.64,54,58,989.07,1392.47,5755.66,5695.52,808.65
M00254,BeautyWorld 254,Beauty,Nouvelle-Aquitaine,13393.87,137,134,97.77,59,59,1261.7,1573.87,6187.52,4845.08,509.45
M00402,ReadMore 402,Books,Nouvelle-Aquitaine,12790.68,195,185,65.59,8,60,1216.39,1442.93,4718.79,5535.33,554.94
M00321,FreshMarket 321,Food,Nouvelle-Aquitaine,12648.41,180,167,70.27,35,61,541.35,1948.33,4040.52,5782.63,497.08
M00396,BookHaven 396,Books,Nouvelle-Aquitaine,12036.61,231,217,52.11,12,62,844.97,1490.05,5393.51,4194.4,729.5
M00029,FreshMarket 29,Food,Nouvelle-Aquitaine,11858.04,177,168,66.99,39,63,289.34,1041.42,5114.52,4776.84,663.71
M00030,FreshMarket 30,Food,Nouvelle-Aquitaine,11392.11,226,214,50.41,41,64,942.13,2037.32,5322.39,3211.36,506.31
M00005,HealthHub 5,Health,Nouvelle-Aquitaine,10902.53,95,92,114.76,71,65,450.27,783.57,5713.66,3199.48,928.7
M00443,BeautyCorner 443,Beauty,Nouvelle-Aquitaine,10287.5,116,110,88.69,65,66,548.32,1001.6,4373.21,3963.09,454.94
M00147,ReadMore 147,Books,Nouvelle-Aquitaine,10238.05,267,245,38.34,23,67,863.07,1952.95,4360.03,3229.78,512.43
M00201,GlowShop 201,Beauty,Nouvelle-Aquitaine,9844.77,92,90,107.01,66,68,975.62,1929.81,4903.49,2590.48,28.01
M00134,BookHaven 134,Books,Nouvelle-Aquitaine,9508.95,194,181,49.02,32,69,118.86,1334.44,4036.17,3621.0,402.65
M00002,BookCorner 2,Books,Nouvelle-Aquitaine,9504.36,248,239,38.32,33,70,584.52,1241.09,4152.29,3569.58,338.76
M00421,FreshMarket 421,Food,Nouvelle-Aquitaine,8095.4,145,136,55.83,51,71,137.62,1165.64,3164.1,2860.07,290.8
M00490,GourmetShop 490,Food,Nouvelle-Aquitaine,7563.24,206,202,36.71,52,72,536.23,699.96,3752.02,2375.41,358.34
M00486,ReadMore 486,Books,Nouvelle-Aquitaine,6979.55,165,158,42.3,49,73,242.89,1125.93,3383.38,1951.11,380.11
M00386,LibraryShop 386,Books,Nouvelle-Aquitaine,6470.71,184,175,35.17,50,74,618.6,980.6,2525.77,2309.38,453.8
M00163,LibraryShop 163,Books,Nouvelle-Aquitaine,4842.14,160,153,30.26,58,75,50.84,781.82,1787.78,1501.43,661.5
M00511,ReadMore 511,Books,Nouvelle-Aquitaine,3943.89,136,130,29.0,63,76,209.81,612.18,1783.36,1260.66,197.25
M00315,TechStore 315,Electronics,Occitanie,444903.1,313,289,1421.42,7,1,40219.24,48039.6,186331.19,173792.36,29525.17
M00413,AutoCenter 413,Automotive,Occitanie,335904.1,287,269,1170.4,8,2,9237.36,43394.07,159610.36,96272.68,24516.37
M00419,AutoCenter 419,Automotive,Occitanie,307568.75,263,242,1169.46,15,3,23282.95,45865.12,141662.05,93045.73,16193.73
M00392,TechStore 392,Electronics,Occitanie,277425.57,178,171,1558.57,29,4,25328.95,58528.1,124160.74,68293.26,19799.66
M00415,CarParts 415,Automotive,Occitanie,259961.33,213,201,1220.48,21,5,4185.38,24228.91,99585.47,123204.6,9188.86
M00277,AutoShop 277,Automotive,Occitanie,256670.51,226,213,1135.71,23,6,7674.45,26252.18,119390.75,86567.4,17355.09
M00432,MotorHub 432,Automotive,Occitanie,222778.08,237,224,939.99,29,7,12030.02,21870.35,106222.24,77051.01,11821.87
M00291,TechStore 291,Electronics,Occitanie,219942.21,194,183,1133.72,40,8,21400.38,24106.45,102152.8,84655.53,4130.19
M00531,GadgetShop 531,Electronics,Occitanie,196544.05,183,174,1074.01,47,9,16725.9,19996.86,67892.15,73560.79,11206.65
M00519,CarParts 519,Automotive,Occitanie,194335.82,170,160,1143.15,36,10,6821.19,30281.22,99710.31,48739.17,8589.55
M00068,GadgetShop 68,Electronics,Occitanie,175408.75,136,129,1289.77,52,11,5911.27,23653.87,56367.84,73059.12,12527.16
M00282,CarParts 282,Automotive,Occitanie,170751.27,134,128,1274.26,41,12,3705.3,23408.53,80157.92,53684.7,4349.42
M00544,AutoCenter 544,Automotive,Occitanie,165334.17,210,198,787.31,42,13,4662.42,24208.94,80004.69,49997.52,5091.36
M00310,GardenWorld 310,Home & Garden,Occitanie,152292.63,334,316,455.97,23,14,12305.24,20792.76,68613.35,54050.56,5249.42
M00564,DecorShop 564,Home & Garden,Occitanie,135374.56,330,305,410.23,30,15,5929.41,22536.94,48452.36,46841.52,6064.65
M00549,ActiveWear 549,Sports,Occitanie,131492.89,288,270,456.57,11,16,10690.37,16098.58,54189.0,49809.47,7981.2
M00480,ClothingHub 480,Clothing,Occitanie,98033.52,440,397,222.8,4,17,7078.02,12548.82,41017.78,34404.34,7827.53
M00074,StyleShop 74,Clothing,Occitanie,75841.86,440,405,172.37,13,18,3883.1,8416.45,34436.01,21356.23,9830.64
M00242,FitnessShop 242,Sports,Occitanie,56651.81,137,133,413.52,45,19,3807.0,6834.24,22425.42,21549.44,2697.91
M00144,HealthHub 144,Health,Occitanie,53625.5,330,300,162.5,2,20,1201.21,7814.92,21524.73,19656.34,1630.85
M00503,ClothingHub 503,Clothing,Occitanie,52121.4,270,254,193.04,28,21,4101.95,4120.23,28237.57,14044.39,3490.8
M00097,ToyLand 97,Toys,Occitanie,43240.86,308,289,140.39,2,22,2637.69,5494.0,19767.77,14932.34,2109.43
M00278,StyleShop 278,Clothing,Occitanie,43231.92,219,209,197.41,35,23,2200.5,2904.75,17727.24,18432.76,1830.44
M00155,FashionStore 155,Clothing,Occitanie,41437.41,206,198,201.15,37,24,3580.19,5354.75,16055.52,15679.67,3287.9
M00359,HealthHub 359,Health,Occitanie,37610.78,164,152,229.33,15,25,3569.26,5498.44,17300.92,12267.9,1748.7
M00115,WellnessStore 115,Health,Occitanie,35313.89,262,250,134.79,20,26,1518.5,3846.1,17246.35,10389.19,2481.45
M00176,ToyHub 176,Toys,Occitanie,29082.64,288,266,100.98,14,27,340.27,4175.97,11390.7,9593.99,2621.6
M00010,HealthShop 10,Health,Occitanie,26217.23,150,146,174.78,39,28,2031.84,3311.01,10570.22,9013.13,889.39
M00205,PlayShop 205,Toys,Occitanie,25978.81,259,243,100.3,20,29,704.03,4260.87,10863.41,8283.31,1608.93
M00301,PlayShop 301,Toys,Occitanie,25905.85,273,257,94.89,22,30,476.67,3421.61,9255.86,11304.41,1023.62
M00012,PlayShop 12,Toys,Occitanie,25088.83,260,243,96.5,25,31,308.59,3532.78,9194.03,11202.84,778.96
M00034,HealthHub 34,Health,Occitanie,23618.15,184,182,128.36,45,32,1228.14,2929.42,9613.32,8703.62,1704.18
M00509,BeautyCorner 509,Beauty,Occitanie,23083.95,233,219,99.07,24,33,1701.29,2767.36,10372.06,7955.57,1269.21
M00449,ToyHub 449,Toys,Occitanie,21899.61,185,174,118.38,32,34,827.81,3281.94,8955.39,7489.05,1635.33
M00305,GourmetShop 305,Food,Occitanie,21440.28,349,330,61.43,8,35,452.39,2865.1,8268.17,8279.92,1162.97
M00145,FoodHub 145,Food,Occitanie,19884.15,239,226,83.2,10,36,1288.49,2207.97,9699.87,6661.07,734.72
M00527,KidsWorld 527,Toys,Occitanie,19623.12,215,201,91.27,39,37,627.94,1716.93,8564.27,7557.02,786.9
M00343,BeautyCorner 343,Beauty,Occitanie,18269.68,184,180,99.29,40,38,1662.54,1999.71,10154.3,5510.3,341.08
M00296,FoodMart 296,Food,Occitanie,17986.31,201,196,89.48,15,39,1714.1,3435.9,6860.74,6012.8,1186.92
M00017,BeautyCorner 17,Beauty,Occitanie,17978.0,167,156,107.65,42,40,656.2,2285.83,8868.69,5340.42,639.91
M00422,FoodMart 422,Food,Occitanie,17935.03,299,277,59.98,16,41,613.38,2769.79,6532.19,6158.75,1178.27
M00477,KidsWorld 477,Toys,Occitanie,17817.51,215,206,82.87,46,42,1400.46,1602.24,9111.41,6039.34,636.97
M00314,PlayShop 314,Toys,Occitanie,16476.11,195,190,84.49,50,43,416.85,1480.57,8109.22,5130.64,1051.51
M00330,LibraryShop 330,Books,Occitanie,13437.71,252,236,53.32,6,44,1195.96,1885.56,5844.83,5077.59,456.2
M00007,BookHaven 7,Books,Occitanie,13029.27,272,259,47.9,7,45,1158.3,1316.02,4561.55,6052.87,793.18
M00570,CosmeticHub 570,Beauty,Occitanie,12958.73,117,110,110.76,60,46,1008.19,2287.97,5729.74,4332.31,270.02
M00322,ToyLand 322,Toys,Occitanie,11378.68,121,115,94.04,57,47,958.08,1256.19,3669.23,5730.46,444.24
M00189,ReadMore 189,Books,Occitanie,9846.68,193,185,51.02,28,48,492.33,1063.54,4530.14,3585.67,468.08
M00546,VitalShop 546,Health,Occitanie,9307.34,79,78,117.81,72,49,517.49,1231.88,5147.01,2339.74,226.46
M00494,ReadMore 494,Books,Occitanie,9235.52,171,160,54.01,38,50,873.68,1382.8,4978.14,2465.06,281.97
M00209,BookHaven 209,Books,Occitanie,8532.69,131,123,65.14,43,51,402.74,1041.98,3899.23,2788.89,691.78
M00409,BookCorner 409,Books,Occitanie,3818.68,122,119,31.3,64,52,162.68,322.75,1661.61,1557.45,201.23
M00243,GadgetShop 243,Electronics,Pays de la Loire,451582.73,290,268,1557.18,6,1,21992.08,64057.37,182617.48,176834.14,12854.14
M00329,DigitalHub 329,Electronics,Pays de la Loire,327785.09,229,221,1431.38,21,2,25305.01,37672.93,153477.62,101575.39,26542.43
M00460,DecorShop 460,Home & Garden,Pays de la Loire,224761.58,333,297,674.96,5,3,10294.08,26517.94,109866.86,70766.85,13774.3
M00114,AutoCenter 114,Automotive,Pays de la Loire,214256.17,174,167,1231.36,33,4,2849.61,27725.0,104089.53,69547.59,5069.65
M00199,GadgetShop 199,Electronics,Pays de la Loire,212355.94,152,143,1397.08,42,5,11934.4,27548.65,100320.7,74747.73,8986.3
M00069,DecorShop 69,Home & Garden,Pays de la Loire,205491.62,452,406,454.63,9,6,12288.4,27876.34,90896.76,65721.09,11755.57
M00448,GadgetShop 448,Electronics,Pays de la Loire,197411.04,134,127,1473.22,46,7,12121.04,28338.71,76886.93,75225.53,6312.21
M00167,GadgetShop 167,Electronics,Pays de la Loire,174054.7,169,159,1029.91,53,8,9816.69,14384.87,76192.09,68598.62,5544.54
M00459,TechStore 459,Electronics,Pays de la Loire,166673.62,110,105,1515.21,54,9,2400.1,19262.25,82086.26,49706.73,5240.22
M00387,AutoCenter 387,Automotive,Pays de la Loire,134968.26,165,161,817.99,49,10,8300.55,24156.2,53140.56,45194.02,11443.2
M00072,TechStore 72,Electronics,Pays de la Loire,134380.13,112,109,1199.82,59,11,12564.54,26375.39,46327.36,57915.1,3034.11
M00008,SportHub 8,Sports,Pays de la Loire,126376.28,354,331,357.0,12,12,5459.46,15679.59,49573.1,50163.95,7512.8
M00362,FitnessShop 362,Sports,Pays de la Loire,112566.42,275,255,409.33,15,13,1474.62,15147.77,48066.08,43262.0,2946.17
M00568,AutoShop 568,Automotive,Pays de la Loire,88352.55,130,127,679.63,56,14,3410.41,14412.13,32216.56,30981.36,8532.39
M00450,TrendyWear 450,Clothing,Pays de la Loire,77053.78,426,395,180.88,12,15,2134.39,10171.7,30689.93,27519.46,5915.12
M00423,DecorShop 423,Home & Garden,Pays de la Loire,66210.74,141,133,469.58,46,16,794.53,11364.89,21508.93,22331.51,3686.72
M00514,WellnessStore 514,Health,Pays de la Loire,38477.5,225,212,171.01,12,17,565.62,5393.63,19009.96,12173.1,1510.06
M00076,HealthShop 76,Health,Pays de la Loire,28849.38,235,226,122.76,36,18,2457.97,4346.13,7471.74,9516.72,3400.51
M00341,BeautyCorner 341,Beauty,Pays de la Loire,22920.04,219,202,104.66,25,19,1001.61,2678.86,10399.35,8004.57,1426.97
M00579,CosmeticHub 579,Beauty,Pays de la Loire,21863.33,218,200,100.29,26,20,1434.23,2841.61,8849.8,7772.15,1703.96
M00306,BeautyWorld 306,Beauty,Pays de la Loire,14536.54,165,158,88.1,55,21,1270.49,2092.71,6381.21,4503.91,1123.37
M00047,FoodMart 47,Food,Pays de la Loire,14526.38,228,217,63.71,29,22,605.75,2308.15,6624.27,4859.58,326.79
M00347,VitalShop 347,Health,Pays de la Loire,13518.5,63,61,214.58,65,23,220.35,3913.87,5669.83,2062.91,399.56
M00044,HealthShop 44,Health,Pays de la Loire,13407.82,99,98,135.43,66,24,1095.42,1349.83,7153.06,3810.57,786.69
M00120,FoodMart 120,Food,Pays de la Loire,11951.94,244,232,48.98,38,25,307.16,1295.63,5965.49,3538.72,1017.13
M00538,ReadMore 538,Books,Pays de la Loire,10926.28,229,209,47.71,17,26,375.86,1011.14,5767.83,3457.5,328.14
M00286,BookCorner 286,Books,Pays de la Loire,9515.28,176,169,54.06,31,27,435.8,1019.45,4207.65,3418.12,419.75
M00294,ReadMore 294,Books,Pays de la Loire,8925.66,204,197,43.75,41,28,810.45,1040.54,3822.66,3475.03,321.97
M00177,BookCorner 177,Books,Pays de la Loire,8924.44,196,190,45.53,42,29,714.85,801.83,4647.9,2511.77,521.63
M00210,BookCorner 210,Books,Pays de la Loire,8268.81,199,190,41.55,45,30,336.54,1080.08,4042.3,2665.98,375.45
M00258,DigitalHub 258,Electronics,Provence-Alpes-Côte d'Azur,555036.71,356,329,1559.09,2,1,10046.16,71923.96,263556.7,178314.31,24095.08
M00112,TechStore 112,Electronics,Provence-Alpes-Côte d'Azur,476067.01,308,287,1545.67,4,2,47130.63,58988.88,222300.86,173276.8,13569.19
M00262,GadgetShop 262,Electronics,Provence-Alpes-Côte d'Azur,473605.17,387,351,1223.79,5,3,44660.97,63752.87,185075.48,188268.08,21949.08
M00388,HomeCenter 388,Home & Garden,Provence-Alpes-Côte d'Azur,189936.97,333,307,570.38,11,4,17588.16,22936.47,80379.98,62491.25,13490.72
M00597,DecorShop 597,Home & Garden,Provence-Alpes-Côte d'Azur,159946.29,277,253,577.42,19,5,11004.3,29693.77,67902.09,46429.34,12464.54
M00360,GardenWorld 360,Home & Garden,Provence-Alpes-Côte d'Azur,144151.03,230,210,626.74,27,6,8533.74,21694.88,67712.71,42419.13,6070.21
M00275,FitnessShop 275,Sports,Provence-Alpes-Côte d'Azur,143376.8,362,333,396.07,7,7,14065.26,17633.79,71853.12,45742.1,5208.53
M00464,HomeCenter 464,Home & Garden,Provence-Alpes-Côte d'Azur,142013.86,229,219,620.15,28,8,10395.41,18315.65,60371.08,50298.48,6468.37
M00220,SportHub 220,Sports,Provence-Alpes-Côte d'Azur,140545.89,315,287,446.18,9,9,9051.16,18283.65,49726.19,60595.69,6687.62
M00229,GadgetShop 229,Electronics,Provence-Alpes-Côte d'Azur,129463.45,105,102,1232.99,61,10,10525.38,32736.31,42021.48,45669.19,3736.11
M00406,HomeStyle 406,Home & Garden,Provence-Alpes-Côte d'Azur,125160.86,250,234,500.64,34,11,3291.73,17300.24,37599.38,57893.97,8419.33
M00192,ClothingHub 192,Clothing,Provence-Alpes-Côte d'Azur,104276.15,401,362,260.04,2,12,8175.25,14044.91,56732.88,24797.39,6787.05
M00498,SportZone 498,Sports,Provence-Alpes-Côte d'Azur,87474.59,246,231,355.59,31,13,6446.88,13475.6,40028.39,28267.2,2719.23
M00190,MotorHub 190,Automotive,Provence-Alpes-Côte d'Azur,79561.77,157,149,506.76,58,14,3731.45,11580.37,34445.92,28002.33,3566.82
M00164,TrendyWear 164,Clothing,Provence-Alpes-Côte d'Azur,72552.5,352,322,206.12,15,15,1828.32,8620.92,29631.89,26023.92,6980.72
M00252,DecorShop 252,Home & Garden,Provence-Alpes-Côte d'Azur,67809.99,145,139,467.66,45,16,6401.26,7971.58,26016.55,23695.26,3337.42
M00020,VitalShop 20,Health,Provence-Alpes-Côte d'Azur,45926.99,261,246,175.97,5,17,2512.21,5816.11,21609.84,13529.11,2731.54
M00401,FashionStore 401,Clothing,Provence-Alpes-Côte d'Azur,42440.19,291,274,145.84,36,18,2588.85,5877.49,19076.63,14218.42,2321.8
M00154,WellnessStore 154,Health,Provence-Alpes-Côte d'Azur,31471.57,267,251,117.87,27,19,1642.82,4573.99,13517.14,11232.57,1577.22
M00093,HealthHub 93,Health,Provence-Alpes-Côte d'Azur,30789.65,192,187,160.36,30,20,932.93,3821.53,13159.23,10914.9,1552.66
M00530,VitalShop 530,Health,Provence-Alpes-Côte d'Azur,30692.82,144,139,213.14,31,21,1635.93,3352.63,14241.23,11157.09,1365.29
M00439,ToyLand 439,Toys,Provence-Alpes-Côte d'Azur,30395.49,322,295,94.4,13,22,3036.51,4377.13,13598.11,9978.78,1643.31
M00138,PlayShop 138,Toys,Provence-Alpes-Côte d'Azur,28660.65,235,221,121.96,15,23,2785.82,3454.17,13543.29,8731.18,1599.12
M00489,VitalShop 489,Health,Provence-Alpes-Côte d'Azur,23711.98,218,205,108.77,43,24,1003.02,2696.2,9393.39,9647.69,1101.54
M00050,CosmeticHub 50,Beauty,Provence-Alpes-Côte d'Azur,23423.94,174,162,134.62,21,25,438.03,5202.35,9443.69,7165.08,717.99
M00551,ToyLand 551,Toys,Provence-Alpes-Côte d'Azur,19146.64,273,254,70.13,43,26,1627.46,2491.74,8972.3,6062.59,1155.38
M00280,HealthHub 280,Health,Provence-Alpes-Côte d'Azur,18281.96,137,134,133.44,56,27,1645.38,2926.29,6300.27,7577.14,788.73
M00241,CosmeticHub 241,Beauty,Provence-Alpes-Côte d'Azur,18250.66,194,183,94.08,41,28,295.66,2749.21,6769.57,7278.39,970.7
M00067,BeautyCorner 67,Beauty,Provence-Alpes-Côte d'Azur,16572.76,190,179,87.23,46,29,505.47,2557.29,5953.56,5520.66,1517.37
M00535,HealthHub 535,Health,Provence-Alpes-Côte d'Azur,15996.04,119,116,134.42,60,30,985.36,2633.9,7025.7,5682.43,267.45
M00153,LibraryShop 153,Books,Provence-Alpes-Côte d'Azur,15552.69,358,331,43.44,4,31,584.78,2213.43,6823.52,5266.98,804.96
M00056,GlowShop 56,Beauty,Provence-Alpes-Côte d'Azur,14869.16,211,193,70.47,53,32,962.03,1867.75,7442.93,4477.52,845.92
M00303,WellnessStore 303,Health,Provence-Alpes-Côte d'Azur,14260.41,90,89,158.45,64,33,360.79,2082.23,6400.81,4420.37,624.12
M00599,GourmetShop 599,Food,Provence-Alpes-Côte d'Azur,12749.53,162,157,78.7,34,34,170.84,2087.3,5869.92,3812.67,595.22
M00110,WellnessStore 110,Health,Provence-Alpes-Côte d'Azur,12268.09,76,75,161.42,68,35,215.92,2115.83,5831.86,3142.44,786.28
M00518,ReadMore 518,Books,Provence-Alpes-Côte d'Azur,10164.65,242,230,42.0,24,36,165.68,1319.42,4021.39,3930.87,503.11
M00447,BookCorner 447,Books,Provence-Alpes-Côte d'Azur,10054.5,226,208,44.49,26,37,345.87,2069.3,3855.38,3221.67,750.59
M00369,FoodMart 369,Food,Provence-Alpes-Côte d'Azur,9363.56,182,176,51.45,46,38,777.18,1126.96,3674.23,3908.34,292.45
M00424,FreshMarket 424,Food,Provence-Alpes-Côte d'Azur,8687.8,220,213,39.49,49,39,715.01,1413.41,3736.27,2570.84,714.7
M00573,FoodMart 573,Food,Provence-Alpes-Côte d'Azur,7458.55,195,187,38.25,53,40,597.43,963.62,2424.47,3530.64,264.23
M00015,ReadMore 15,Books,Provence-Alpes-Côte d'Azur,5045.3,115,113,43.87,57,41,486.37,614.19,1835.85,2135.01,214.3
M00491,BookHaven 491,Books,Provence-Alpes-Côte d'Azur,2679.83,92,86,29.13,65,42,212.78,351.84,1179.28,783.22,285.69
