category,region,ca_total
Automotive,Ile-de-France,3571238.5500000007
Electronics,Ile-de-France,3243168.3400000026
Electronics,Nouvelle-Aquitaine,2684203.7399999998
Automotive,Bretagne,2222861.8200000003
Automotive,Auvergne-Rhône-Alpes,2148510.230000001
Automotive,Occitanie,1913304.0300000003
Electronics,Auvergne-Rhône-Alpes,1869674.1300000001
Automotive,Nouvelle-Aquitaine,1748240.5100000012
Electronics,Normandie,1723260.9699999997
Electronics,Pays de la Loire,1664243.25
Electronics,Provence-Alpes-Côte d'Azur,1634172.3399999999
Electronics,Grand Est,1371736.5300000005
Home & Garden,Hauts-de-France,1361668.0899999996
Electronics,Occitanie,1314223.68
Sports,Ile-de-France,1087188.4499999993
Electronics,Bretagne,1072037.0799999998
Home & Garden,Auvergne-Rhône-Alpes,1032970.3900000006
Automotive,Grand Est,1020524.9000000003
Clothing,Ile-de-France,1012238.4800000011
Electronics,Hauts-de-France,937662.1799999997
Home & Garden,Nouvelle-Aquitaine,926934.1199999999
Sports,Hauts-de-France,881946.6
Home & Garden,Provence-Alpes-Côte d'Azur,829019.0000000003
Home & Garden,Ile-de-France,822631.7000000002
Home & Garden,Normandie,759678.6499999994
Sports,Bretagne,662430.2999999996
Sports,Auvergne-Rhône-Alpes,550236.9000000003
Home & Garden,Pays de la Loire,496463.93999999994
Home & Garden,Grand Est,496293.48000000004
Automotive,Pays de la Loire,437576.97999999986
Clothing,Hauts-de-France,435877.5099999998
Health,Ile-de-France,392540.43
Electronics,,386893.79000000004
Sports,Normandie,382519.42000000033
Sports,Provence-Alpes-Côte d'Azur,371397.2799999999
Beauty,Ile-de-France,361334.23000000016
Clothing,Occitanie,310666.1099999999
Beauty,Nouvelle-Aquitaine,309461.6300000001
Home & Garden,Occitanie,287667.1899999998
Toys,Auvergne-Rhône-Alpes,274761.8799999999
Health,Nouvelle-Aquitaine,266222.9300000001
Health,Auvergne-Rhône-Alpes,256382.56
Sports,,256303.92
Health,Grand Est,250262.2799999999
Sports,Pays de la Loire,238942.7
Toys,Occitanie,236492.01999999984
Automotive,Hauts-de-France,223404.49999999994
Health,Provence-Alpes-Côte d'Azur,223399.50999999998
Clothing,Grand Est,222700.64000000007
Clothing,Provence-Alpes-Côte d'Azur,219268.8399999999
Sports,Grand Est,200079.28999999998
Home & Garden,Bretagne,199157.08000000002
Sports,Occitanie,188144.7
Beauty,Hauts-de-France,187128.7400000001
Health,Occitanie,185692.89
Clothing,Bretagne,181950.99000000008
Beauty,Auvergne-Rhône-Alpes,168981.55000000008
Toys,Hauts-de-France,167384.5899999999
Toys,Nouvelle-Aquitaine,163850.43000000005
Automotive,Normandie,161429.28000000003
Food,Ile-de-France,160918.97
Beauty,Grand Est,156219.60000000003
Toys,Ile-de-France,155942.02999999994
Health,Hauts-de-France,154404.57999999993
Sports,Nouvelle-Aquitaine,142713.43000000005
Food,Nouvelle-Aquitaine,137169.0400000001
Toys,Grand Est,122233.75000000004
Books,Auvergne-Rhône-Alpes,116662.3
Clothing,Auvergne-Rhône-Alpes,114222.23000000005
Health,Normandie,113359.98000000004
Books,Ile-de-France,112561.11000000002
Clothing,Nouvelle-Aquitaine,107386.51
Food,Auvergne-Rhône-Alpes,104923.10000000003
Health,Pays de la Loire,94253.20000000006
Toys,Bretagne,88388.50999999998
Food,Grand Est,86787.80000000003
Automotive,Provence-Alpes-Côte d'Azur,79561.77
Toys,Provence-Alpes-Côte d'Azur,78202.78
Food,Occitanie,77245.76999999999
Clothing,Pays de la Loire,77053.78000000003
Books,Nouvelle-Aquitaine,76314.93999999999
Food,Normandie,75619.7
Food,Bretagne,73857.95000000003
Beauty,Provence-Alpes-Côte d'Azur,73116.52000000002
Beauty,Occitanie,72290.35999999997
Toys,Normandie,61137.30999999998
Beauty,Pays de la Loire,59319.90999999999
Books,Occitanie,57900.55000000005
Toys,,55388.14999999997
Health,Bretagne,53378.34
Clothing,Normandie,51281.70999999999
Books,Grand Est,49742.45000000002
Books,Pays de la Loire,46560.47
Health,,44166.02999999999
Books,Normandie,43527.720000000016
Books,Provence-Alpes-Côte d'Azur,43496.96999999998
Food,Provence-Alpes-Côte d'Azur,38259.44
Food,Hauts-de-France,35046.189999999995
Books,Hauts-de-France,32721.0
Food,Pays de la Loire,26478.32
Books,Bretagne,25047.55999999999
Beauty,,20575.180000000004
Food,,18279.98
Beauty,Bretagne,17612.079999999998
