product_id,name,category,nb_ventes,ca_total
P02738,,Electronics,30,85514.9
P03826,Standard Camera 3826,Electronics,23,84331.02
P01685,Elite Tablet 1685,Electronics,34,83446.62999999999
P04308,Essential Smartphone 4308,Electronics,27,82301.61
P00354,Premium Laptop 354,Electronics,31,82130.7
P05730,Premium Laptop 5730,Electronics,29,77818.27
P04731,Pro Camera 4731,Electronics,24,77640.52
P05854,Essential Camera 5854,Electronics,20,76460.5
P04130,Premium Laptop 4130,Electronics,28,75402.86
P00311,Elite Tablet 311,Electronics,33,75360.94
