payment_method,periode,ca_total
BANK_TRANSFER,,9501.02
CARD,,18807.850000000002
CASH,,9087.809999999998
CRYPTO,,3929.9700000000003
PAYPAL,,4471.749999999999
,2024-01,651.44
BANK_TRANSFER,2024-01,187015.66999999995
CARD,2024-01,308478.70999999996
CASH,2024-01,141757.62999999995
CRYPTO,2024-01,107085.75
PAYPAL,2024-01,219100.01
,2024-02,4881.030000000001
BANK_TRANSFER,2024-02,276823.72
CARD,2024-02,413657.91000000003
CASH,2024-02,168093.22999999992
CRYPTO,2024-02,211995.39
PAYPAL,2024-02,282220.22999999986
,2024-03,7740.86
BANK_TRANSFER,2024-03,301378.4700000001
CARD,2024-03,601480.64
CASH,2024-03,266244.25
CRYPTO,2024-03,168443.81000000006
PAYPAL,2024-03,374346.64
,2024-04,3964.0700000000006
BANK_TRANSFER,2024-04,367777.23
CARD,2024-04,618362.5699999998
CASH,2024-04,320209.5099999998
CRYPTO,2024-04,225460.14000000007
PAYPAL,2024-04,409019.4499999995
,2024-05,2021.97
BANK_TRANSFER,2024-05,381511.4899999998
CARD,2024-05,691038.1500000004
CASH,2024-05,335120.6000000001
CRYPTO,2024-05,324463.38
PAYPAL,2024-05,450741.1599999998
,2024-06,6748.42
BANK_TRANSFER,2024-06,453623.47999999975
CARD,2024-06,762272.08
CASH,2024-06,347391.38
CRYPTO,2024-06,349994.30000000005
PAYPAL,2024-06,449436.2899999999
,2024-07,646.96
BANK_TRANSFER,2024-07,470263.4000000001
CARD,2024-07,803877.9999999998
CASH,2024-07,420183.8300000001
CRYPTO,2024-07,276409.94
PAYPAL,2024-07,515108.2800000004
,2024-08,8224.22
BANK_TRANSFER,2024-08,466243.34999999986
CARD,2024-08,757154.9600000001
CASH,2024-08,326219.70000000007
CRYPTO,2024-08,281794.78
PAYPAL,2024-08,512539.94999999995
,2024-09,5738.04
BANK_TRANSFER,2024-09,508296.7300000002
CARD,2024-09,835295.7599999993
CASH,2024-09,392935.0699999997
CRYPTO,2024-09,289586.2700000001
PAYPAL,2024-09,571792.3000000003
,2024-10,989.73
BANK_TRANSFER,2024-10,520728.6599999998
CARD,2024-10,852084.8
CASH,2024-10,380834.1900000001
CRYPTO,2024-10,308868.04
PAYPAL,2024-10,521760.28999999975
,2024-11,5274.91
BANK_TRANSFER,2024-11,489808.8800000001
CARD,2024-11,833750.3699999995
CASH,2024-11,406873.47999999975
CRYPTO,2024-11,355067.07999999996
PAYPAL,2024-11,550685.1700000002
,2024-12,981.6
BANK_TRANSFER,2024-12,487755.66
CARD,2024-12,877301.0499999992
CASH,2024-12,407521.04999999993
CRYPTO,2024-12,323108.33999999997
PAYPAL,2024-12,544160.6500000003
,2025-01,3318.5599999999995
BANK_TRANSFER,2025-01,491751.18000000034
CARD,2025-01,863991.0000000005
CASH,2025-01,401267.1900000002
CRYPTO,2025-01,291866.57999999996
PAYPAL,2025-01,482359.5
,2025-02,3837.75
BANK_TRANSFER,2025-02,524381.4500000002
CARD,2025-02,864936.4899999994
CASH,2025-02,348553.29999999993
CRYPTO,2025-02,336291.95999999996
PAYPAL,2025-02,539964.37
,2025-03,9429.23
BANK_TRANSFER,2025-03,489277.70999999985
CARD,2025-03,859900.2499999998
CASH,2025-03,331608.19999999995
CRYPTO,2025-03,301721.55999999994
PAYPAL,2025-03,500153.7
,2025-04,1574.47
BANK_TRANSFER,2025-04,471422.33
CARD,2025-04,815038.9799999997
CASH,2025-04,370221.59
CRYPTO,2025-04,302292.17
PAYPAL,2025-04,523190.9399999999
,2025-05,3735.5699999999997
BANK_TRANSFER,2025-05,496655.49999999994
CARD,2025-05,827722.2399999999
CASH,2025-05,371777.7999999999
CRYPTO,2025-05,335226.3
PAYPAL,2025-05,501107.35000000003
,2025-06,6977.6
BANK_TRANSFER,2025-06,473134.77000000025
CARD,2025-06,860886.5000000007
CASH,2025-06,402041.4699999999
CRYPTO,2025-06,382714.0099999999
PAYPAL,2025-06,519027.81000000006
,2025-07,6220.51
BANK_TRANSFER,2025-07,454463.5
CARD,2025-07,682352.4100000001
CASH,2025-07,358258.36000000016
CRYPTO,2025-07,256012.14999999997
PAYPAL,2025-07,444209.17000000004
,2025-08,12416.169999999998
BANK_TRANSFER,2025-08,414537.22
CARD,2025-08,729353.9799999996
CASH,2025-08,350465.20000000007
CRYPTO,2025-08,297426.24000000005
PAYPAL,2025-08,460346.9499999997
,2025-09,7779.86
BANK_TRANSFER,2025-09,471172.49999999977
CARD,2025-09,782017.8400000003
CASH,2025-09,408613.0899999999
CRYPTO,2025-09,290497.57999999996
PAYPAL,2025-09,444661.8200000002
,2025-10,8139.24
BANK_TRANSFER,2025-10,390954.88
CARD,2025-10,685130.9399999997
CASH,2025-10,370129.03
CRYPTO,2025-10,227755.46999999997
PAYPAL,2025-10,411653.41999999987
,2025-11,3067.73
BANK_TRANSFER,2025-11,400906.12999999966
CARD,2025-11,680511.7000000004
CASH,2025-11,330275.41000000003
CRYPTO,2025-11,256437.06000000006
PAYPAL,2025-11,406132.98999999993
,2025-12,3276.8100000000004
BANK_TRANSFER,2025-12,421695.9300000001
CARD,2025-12,649159.0399999996
CASH,2025-12,309296.4400000001
CRYPTO,2025-12,221697.37999999992
PAYPAL,2025-12,445124.5
